,index,supply_value,long,lat,site_ID
0,0,1,-0.4712113874118363,52.128622289310414,E0
1,1,1,-0.47463708754222583,51.89479328910814,E1
2,2,1,-0.09377078763849919,51.46806258875391,E2
3,3,1,-0.09377078763849919,51.46806258875391,E3
4,4,1,-0.4843674875478322,51.891807489105574,E4
5,5,1,-0.2026618871902188,52.332855289486794,E5
6,6,1,-0.2026618871902188,52.332855289486794,E6
7,7,1,0.1368829128524223,52.17306738934595,E7
8,8,1,-0.016856287578757397,51.522514588799716,E8
9,9,1,-0.1514422876278679,51.52283638879794,E9
10,10,1,-0.21184058742138093,51.92422028913364,E10
11,11,1,-0.1939772874832919,51.80267238903072,E11
12,12,1,-0.4010739876466428,51.656277288906,E12
13,13,1,0.08580921260311332,51.771049889006186,E13
14,14,1,-0.4036238876520247,51.64853798889948,E14
15,15,1,0.6877328126804176,51.55385928883786,E15
16,16,1,0.6877328126804176,51.55385928883786,E16
17,17,1,0.4469670132963284,52.75661518984963,E17
18,18,1,1.7563021135775154,52.47670668959817,E18
19,19,1,1.7178975136166617,52.56183218966853,E19
20,20,1,1.2202752134889137,52.617184689717945,E20
21,21,1,-0.0898346876023788,51.52761138880279,E21
22,22,1,0.025597112475757314,51.58958158885537,E22
23,23,1,0.7092480130913337,52.231614589394425,E23
24,24,1,0.11211401250136005,51.580295888849015,E24
25,25,1,0.11211401250136005,51.580295888849015,E25
26,26,1,-0.04612318757311758,51.550418188822164,E26
27,27,1,0.17192111248561015,51.51771568879895,E27
28,28,1,-0.05886868759672665,51.51787078879525,E28
29,29,1,-0.02752948766549631,51.381146688684424,E29
30,30,1,0.003072812460710606,51.577768188845354,E30
31,31,1,-0.042144487586438566,51.52507338880142,E31
32,32,1,0.03521791243991691,51.52236388880042,E32
33,33,1,-0.10004628761200837,51.5174959887943,E33
34,34,1,-0.04612318757311758,51.550418188822164,E34
35,35,1,-0.08825338757150586,51.579783188845724,E35
36,36,1,-0.1317038876128533,51.53613448880919,E36
37,37,1,-0.12074618761708646,51.52186258879757,E37
38,38,1,-0.0898346876023788,51.52761138880279,E38
39,39,1,-0.07434058754705859,51.613121888873486,E39
40,40,1,-0.3227379876622257,51.57544228883925,E40
41,41,1,-0.17206748761858057,51.5521468888218,E41
42,42,1,-0.16533908761555874,51.55303678882265,E42
43,43,1,-0.16541278761556075,51.55308108882268,E43
44,44,1,-0.31112578762578236,51.631462588886066,E44
45,45,1,-0.12475678761399729,51.52973608880402,E45
46,46,1,-0.13987538759821486,51.566648488834225,E46
47,47,1,-0.13987538759821486,51.566648488834225,E47
48,48,1,-0.13987538759821486,51.566648488834225,E48
49,49,1,-0.1422451876236649,51.5242154887992,E49
50,50,1,-0.20024528767415561,51.47423138875723,E50
51,51,1,-0.1422451876236649,51.5242154887992,E51
52,52,1,-0.1818675876613828,51.48448408876594,E52
53,53,1,-0.3243211877211913,51.47362888875482,E53
54,54,1,-0.4612384877445574,51.52520778879573,E54
55,55,1,-0.22105538767426214,51.48746358876779,E55
56,56,1,-0.17434868763928532,51.51781078879349,E56
57,57,1,-0.3227379876622257,51.57544228883925,E57
58,58,1,-0.17025658765462992,51.48870098876959,E58
59,59,1,-0.17434868763928532,51.51781078879349,E59
60,60,1,-0.08852928761524469,51.504678788783984,E60
61,61,1,-0.08852928761524469,51.504678788783984,E61
62,62,1,-0.09377078763849919,51.46806258875391,E62
63,63,1,-0.09377078763849919,51.46806258875391,E63
64,64,1,-0.09377078763849919,51.46806258875391,E64
65,65,1,0.05000861241912816,51.477948988764446,E65
66,66,1,-0.017013887619469297,51.453062488743,E66
67,67,1,0.055688612405207026,51.45087188874255,E67
68,68,1,-0.09093828763733293,51.46829068875413,E68
69,69,1,-0.11118608769086698,51.38929388868938,E69
70,70,1,-0.32600768774839184,51.42748558871681,E70
71,71,1,-0.32600768774839184,51.42748558871681,E71
72,72,1,-0.2824060877392563,51.41482288870714,E72
73,73,1,-0.16768398768434653,51.435900988726345,E73
74,74,1,-0.19102188774681592,51.34344858865058,E74
75,75,1,-0.1729470876543074,51.4909788887714,E75
76,76,1,-0.17522838769256133,51.426562988718565,E76
77,77,1,-0.19102188774681592,51.34344858865058,E77
78,78,1,-1.918136387907771,52.48463458965376,E78
79,79,1,-0.14295298762460437,51.523044588798236,E79
80,80,1,-1.9429312879370695,52.45120538962315,E80
81,81,1,-0.17023638768465335,51.4369931887272,E81
82,82,1,-1.9429312879370695,52.45120538962315,E82
83,83,1,-0.17023638768465335,51.4369931887272,E83
84,84,1,-1.5944139878390722,52.28882898946644,E84
85,85,1,-1.4760658876683184,52.511874889669016,E85
86,86,1,-0.11804228762859213,51.500345588779965,E86
87,87,1,-0.3243211877211913,51.47362888875482,E87
88,88,1,-1.19133528748277,52.60421878974762,E88
89,89,1,-2.7060224885415005,52.0571679892706,E89
90,90,1,-2.1812641881891865,52.19238108938759,E90
91,91,1,-0.0868236876154881,51.50319008878277,E91
92,92,1,-0.09377078763849919,51.46806258875391,E92
93,93,1,-0.09377078763849919,51.46806258875391,E93
94,94,1,-1.135565787445261,52.62555588976592,E94
95,95,1,-1.135565787445261,52.62555588976592,E95
96,96,1,-0.13611258762085054,51.525153788800075,E96
97,97,1,-0.6406481870643337,52.92100109002475,E97
98,98,1,-0.15022378691444796,52.801824689902894,E98
99,99,1,-0.5194789868498179,53.23357109031061,E99
100,100,1,-0.5194789868498179,53.23357109031061,E100
101,101,1,-0.5194789868498179,53.23357109031061,E101
102,102,1,-0.09377078763849919,51.46806258875391,E102
103,103,1,-0.8878584875334496,52.235285589408115,E103
104,104,1,-0.17425528763951903,51.517348288793094,E104
105,105,1,-0.17434868763928532,51.51781078879349,E105
106,106,1,-1.1570211872726264,52.990452790105834,E106
107,107,1,-1.2067010872227588,53.1419208902506,E107
108,108,1,-3.0335904883584215,52.88446709007042,E108
109,109,1,-2.792694588291269,52.70897168989116,E109
110,110,1,-2.792694588291269,52.70897168989116,E110
111,111,1,-0.17434868763928532,51.51781078879349,E111
112,112,1,-0.07434058754705859,51.613121888873486,E112
113,113,1,-0.19559088761648682,51.57103438883709,E113
114,114,1,-2.118698388006105,52.50231538967511,E114
115,115,1,-0.1314262876124972,51.53657408880954,E115
116,116,1,-2.094815187947374,52.59825368976486,E116
117,117,1,-1.99869918790299,52.58293058974787,E117
118,118,1,-0.176240087639722,51.518274688793824,E118
119,119,1,-1.6347732866202225,55.006328992123656,E119
120,120,1,-1.6347732866202225,55.006328992123656,E120
121,121,1,-2.9573903874933545,54.896411492120315,E121
122,122,1,-1.3472708866341383,54.58249679166992,E122
123,123,1,-1.4679129865157168,55.02542189212884,E123
124,124,1,-0.17434868763928532,51.51781078879349,E124
125,125,1,-0.17434868763928532,51.51781078879349,E125
126,126,1,-1.582189486617296,54.93857709204986,E126
127,127,1,-1.2145827865750052,54.5511812916285,E127
128,128,1,-1.4277703865150222,54.97140909207035,E128
129,129,1,-1.4277703865150222,54.97140909207035,E129
130,130,1,-1.102235886768148,53.9877204910619,E130
131,131,1,-1.5934229865976106,55.00260189211628,E131
132,132,1,-1.5934229865976106,55.00260189211628,E132
133,133,1,-0.2002243877060353,51.4192734887122,E133
134,134,1,-1.5175623869867427,53.99371049109297,E134
135,135,1,-0.35827988652092907,53.744220290784845,E135
136,136,1,-0.4463536865476935,53.7725953908165,E136
137,137,1,-1.2172467865758243,54.55261979163015,E137
138,138,1,-1.102235886768148,53.9877204910619,E138
139,139,1,-1.0835549867666705,53.96998169104338,E139
140,140,1,-0.09377078763849919,51.46806258875391,E140
141,141,1,-1.1096037869863156,53.530762490618024,E141
142,142,1,-1.1459606870218502,53.49481579058514,E142
143,143,1,-0.0922641876189029,51.50074378878069,E143
144,144,1,-1.4923034872554735,53.37917099048964,E144
145,145,1,-0.16541278761556075,51.55308108882268,E145
146,146,1,-1.818989187305181,53.655716290775786,E146
147,147,1,-1.818989187305181,53.655716290775786,E147
148,148,1,-1.4257763870266529,53.795944190892406,E148
149,149,1,-1.4257763870266529,53.795944190892406,E149
150,150,1,-0.05886868759672665,51.51787078879525,E150
151,151,1,-0.17434868763928532,51.51781078879349,E151
152,152,1,-0.11796858762781257,51.501640288781026,E152
153,153,1,-0.08618288760634309,51.518496188795346,E153
154,154,1,-0.09377078763849919,51.46806258875391,E154
155,155,1,-0.1277582876280974,51.50735088878556,E155
156,156,1,-1.5646760867776326,54.53175269163501,E156
157,157,1,-0.1277582876280974,51.50735088878556,E157
158,158,1,-0.35726648771569774,51.50514378878043,E158
159,159,1,-2.899895788134503,53.21205329038873,E159
160,160,1,-0.09377078763849919,51.46806258875391,E160
161,161,1,-2.8995802880488593,53.41196799058829,E161
162,162,1,-0.09377078763849919,51.46806258875391,E162
163,163,1,-0.07014758760457937,51.511455188789824,E163
164,164,1,-0.10522108760391158,51.534706088808385,E164
165,165,1,-0.09093828763733293,51.46829068875413,E165
166,166,1,-0.09093828763733293,51.46829068875413,E166
167,167,1,-2.965993788073588,53.45142359063118,E167
168,168,1,-2.4765187879219375,53.11844419027838,E168
169,169,1,-0.1422451876236649,51.5242154887992,E169
170,170,1,-2.979219688005908,53.63330429081549,E170
171,171,1,-2.7853228879743983,53.42123019059199,E171
172,172,1,-2.6108214878800844,53.39404219055647,E172
173,173,1,-3.0955278881896677,53.36905019055465,E173
174,174,1,-0.0898346876023788,51.52761138880279,E174
175,175,1,-2.2926044876289624,53.53649949068238,E175
176,176,1,-2.2277392876246838,53.46075689060409,E176
177,177,1,-0.0661121876248767,51.47414368875935,E177
178,178,1,-0.0661121876248767,51.47414368875935,E178
179,179,1,-2.629406487820543,53.55817849072129,E179
180,180,1,-0.15030928765993984,51.46685768875199,E180
181,181,1,-2.133071187604446,53.384397090524295,E181
182,182,1,-2.0715970875206127,53.493099490628346,E182
183,183,1,-2.228164987638804,53.42956489057329,E183
184,184,1,-2.229486487600373,53.517882390660716,E184
185,185,1,-2.229486487600373,53.517882390660716,E185
186,186,1,-2.229486487600373,53.517882390660716,E186
187,187,1,-2.6397919877583917,53.71914999088372,E187
188,188,1,-3.0137515879508703,53.82058799100794,E188
189,189,1,-2.228171987471891,53.80982799095167,E189
190,190,1,-2.228171987471891,53.80982799095167,E190
191,191,1,-2.7330310875754114,54.30547249148777,E191
192,192,1,-2.7069533877698753,53.79039279095954,E192
193,193,1,-0.10375148762243197,51.50191258878147,E193
194,194,1,-2.979219688005908,53.63330429081549,E194
195,195,1,-0.09377078763849919,51.46806258875391,E195
196,196,1,-0.09377078763849919,51.46806258875391,E196
197,197,1,-3.0953282881892226,53.36981299055542,E197
198,198,1,-0.13492268762146467,51.523335688798596,E198
199,199,1,-3.0955278881896677,53.36905019055465,E199
200,200,1,-2.1004485875404515,53.485541590622304,E200
201,201,1,-2.635750987778626,53.66554259082945,E201
202,202,1,-0.6213999877310048,51.662899988909885,E202
203,203,1,-0.6213999877310048,51.662899988909885,E203
204,204,1,-1.2219790879410968,51.75105288898344,E204
205,205,1,-0.09377078763849919,51.46806258875391,E205
206,206,1,-0.9581843879895181,51.44929238872642,E206
207,207,1,-0.7543321879230456,51.416568888701434,E207
208,208,1,-0.7408512879725225,51.31897528862056,E208
209,209,1,-1.1109302881472023,51.28153308858369,E209
210,210,1,-1.1109302881472023,51.28153308858369,E210
211,211,1,-1.2989022885455366,50.709961088112216,E211
212,212,1,-1.070561788372031,50.849725688230784,E212
213,213,1,-1.0854305881475141,51.261312688567216,E213
214,214,1,-0.09377078763849919,51.46806258875391,E214
215,215,1,0.2588830124667064,51.435252088733925,E215
216,216,1,0.9144713124956598,51.14143278852265,E216
217,217,1,-0.09377078763849919,51.46806258875391,E217
218,218,1,0.47874111244511,51.27823918861443,E218
219,219,1,0.47874111244511,51.27823918861443,E219
220,220,1,0.3069464123099215,51.14833348850763,E220
221,221,1,0.4840182124448459,51.27500788861206,E221
222,222,1,-0.09093828763733293,51.46829068875413,E222
223,223,1,-0.20899908776580112,51.32224138863304,E223
224,224,1,-0.472997987795354,51.4440569887282,E224
225,225,1,-0.27320298778782226,51.32515488863411,E225
226,226,1,-0.1847979877229661,51.380405788680775,E226
227,227,1,-0.6085177879641972,51.24112428855894,E227
228,228,1,-0.5276196878539243,51.37875228867343,E228
229,229,1,-0.1645735878105862,51.218316288550206,E229
230,230,1,-0.17522838769256133,51.426562988718565,E230
231,231,1,0.21058341245648432,51.44593728874154,E231
232,232,1,0.5681561122301306,50.884991188314885,E232
233,233,1,-0.0018080878022244324,51.13534528848837,E233
234,234,1,-0.11795888803218255,50.81924968823773,E234
235,235,1,0.21058341245648432,51.44593728874154,E235
236,236,1,0.21058341245648432,51.44593728874154,E236
237,237,1,0.21058341245648432,51.44593728874154,E237
238,238,1,0.21058341245648432,51.44593728874154,E238
239,239,1,0.21058341245648432,51.44593728874154,E239
240,240,1,0.21058341245648432,51.44593728874154,E240
241,241,1,-0.3243211877211913,51.47362888875482,E241
242,242,1,-0.3636177881199435,50.81665688822686,E242
243,243,1,-0.16768398768434653,51.435900988726345,E243
244,244,1,-1.3359503878341017,52.054030889251045,E244
245,245,1,-1.2188773879325756,51.76439098899505,E245
246,246,1,0.47874111244511,51.27823918861443,E246
247,247,1,-0.34276348782728316,51.301949588613844,E247
248,248,1,-0.16541278761556075,51.55308108882268,E248
249,249,1,-0.05886868759672665,51.51787078879525,E249
250,250,1,-0.17206748761858057,51.5521468888218,E250
251,251,1,-0.1422451876236649,51.5242154887992,E251
252,252,1,-0.09377078763849919,51.46806258875391,E252
253,253,1,-0.09377078763849919,51.46806258875391,E253
254,254,1,-5.092239590808032,50.26623008765522,E254
255,255,1,-4.050628089777146,51.09240558839486,E255
256,256,1,-3.5065539896305915,50.71629718806845,E256
257,257,1,-3.553908189769567,50.48232108786829,E257
258,258,1,-4.116407990124737,50.41669938780161,E258
259,259,1,-2.445998589069863,50.71260578808465,E259
260,260,1,-0.09377078763849919,51.46806258875391,E260
261,261,1,-0.09377078763849919,51.46806258875391,E261
262,262,1,-0.185719187656126,51.49602918877536,E262
263,263,1,-0.13987538759821486,51.566648488834225,E263
264,264,1,-2.072142188279877,51.8920871891119,E264
265,265,1,-3.1196493892723556,51.01196188832928,E265
266,266,1,-2.63431058904642,50.94475238827703,E266
267,267,1,0.29971751259937157,51.63487388889644,E267
268,268,1,0.51860591265912,51.61037968888005,E268
269,269,1,-0.1277582876280974,51.50735088878556,E269
270,270,1,0.46146401261759457,51.572948888848785,E270
271,271,1,-0.3218437874029038,52.03471728922833,E271
272,272,1,-0.5191429875657507,51.885037489099716,E272
273,273,1,-0.05003848758130195,51.53881568881256,E273
274,274,1,-0.5290832875365289,51.945233089151536,E274
275,275,1,-0.6149965875925819,51.90796878911943,E275
276,276,1,-0.13998428757064843,51.614446788873785,E276
277,277,1,0.3429604130208746,52.33515658948402,E277
278,278,1,0.15646371313475435,52.665206589774364,E278
279,279,1,-0.2256219870804378,52.55118308967994,E279
280,280,1,0.15470051286655148,52.18622288935717,E280
281,281,1,-0.108915087610994,51.524852388800234,E281
282,282,1,0.1099480128655283,52.21414308938133,E282
283,283,1,-0.24176658706934404,52.58402238970947,E283
284,284,1,-0.2563540870699816,52.59404208971871,E284
285,285,1,-0.23934288707854837,52.56512498969257,E285
286,286,1,-0.1278429876715467,51.432753988724485,E286
287,287,1,-0.1871539871833226,52.334063689487664,E287
288,288,1,-0.20622708766364162,51.496247888775244,E288
289,289,1,-0.0423111876349638,51.44217458873367,E289
290,290,1,0.12243921284727668,52.17355048934642,E290
291,291,1,-0.09643648760544654,51.52650368880175,E291
292,292,1,-0.08152108758474948,51.55269588882352,E292
293,293,1,-0.17644448763652462,51.52393098879849,E293
294,294,1,-0.08800968761645254,51.50228028878203,E294
295,295,1,-0.2598006872607321,52.24654638941182,E295
296,296,1,-0.09365558758020995,51.56820678883613,E296
297,297,1,-0.020585987277495887,52.04870168923992,E297
298,298,1,0.6068438126727667,51.5846281888609,E298
299,299,1,0.5901832126279571,51.51951548880838,E299
300,300,1,-0.1588200875714216,51.6253289888826,E300
301,301,1,-0.011944987437708835,51.76250598899826,E301
302,302,1,-0.17277898747611287,51.80103298902944,E302
303,303,1,-0.029633687417560686,51.80896458903701,E303
304,304,1,-0.07973678744346664,51.7964867890262,E304
305,305,1,0.0916758124385035,51.485738288771515,E305
306,306,1,0.1924064127009079,51.87312688909218,E306
307,307,1,-0.05526728748181884,51.71382798895727,E307
308,308,1,-0.18780868743444357,51.88461318910003,E308
309,309,1,-0.03502138748252769,51.69960418894565,E309
310,310,1,-0.1277582876280974,51.50735088878556,E310
311,311,1,-0.41297888762945884,51.69496098893846,E311
312,312,1,-0.4813455876893415,51.63675518888892,E312
313,313,1,-0.35448698756590824,51.76679208899951,E313
314,314,1,-0.42255238765793435,51.65123068890158,E314
315,315,1,-0.3740043876421643,51.6455025888972,E315
316,316,1,-0.37389248764209376,51.64554928889726,E316
317,317,1,-0.4010739876466428,51.656277288906,E317
318,318,1,-0.35359758753881004,51.81428038903973,E318
319,319,1,1.1486551131369862,52.06402298925689,E319
320,320,1,1.0262386130455796,51.97734028918496,E320
321,321,1,-0.011367987543721378,51.579162688846296,E321
322,322,1,-0.12528128764258847,51.48085368876385,E322
323,323,1,-0.09139268760253673,51.52832308880333,E323
324,324,1,1.170022113239544,52.22331048938797,E324
325,325,1,0.04642681241849934,51.47905008876528,E325
326,326,1,1.4918921133384428,52.2182425893854,E326
327,327,1,1.2227858131416043,52.03287628923217,E327
328,328,1,0.9519693130608463,52.042707689237886,E328
329,329,1,-0.06712488758512976,51.54296418881573,E329
330,330,1,-0.4138936875111062,51.906646089118375,E330
331,331,1,-0.07175948761180743,51.500060788780445,E331
332,332,1,0.5862990127449512,51.71601228896676,E332
333,333,1,0.6802402127836541,51.72873788897845,E333
334,334,1,0.47295811272161586,51.740848988985434,E334
335,335,1,-0.17115018769204476,51.42486598871726,E335
336,336,1,0.4560430127072972,51.726420788973435,E336
337,337,1,-0.1259818875844887,51.58146218884665,E337
338,338,1,-0.08591258752307297,51.66202158891389,E338
339,339,1,0.6373753128107372,51.7976118890339,E339
340,340,1,-0.31519798769685675,51.50994508878498,E340
341,341,1,-0.7668257876066364,51.999755289199435,E341
342,342,1,-0.7957942876155221,52.006386789205344,E342
343,343,1,-0.7254809875419903,52.08641278927509,E343
344,344,1,-0.6496306875497568,52.01262328921017,E344
345,345,1,0.08772621246565177,51.53425828881099,E345
346,346,1,0.748243013214346,52.42020028955407,E346
347,347,1,0.981378013457372,52.702038089793234,E347
348,348,1,-0.03209138755052988,51.580433188847046,E348
349,349,1,1.3195205135310761,52.63327498973068,E349
350,350,1,1.743793613568417,52.4681151895911,E350
351,351,1,-1.3357925881904846,51.382240588665695,E351
352,352,1,0.8676180134959057,52.83934098991412,E352
353,353,1,1.2358521134858151,52.60307878970581,E353
354,354,1,0.27256911320225624,52.706209189808455,E354
355,355,1,0.0025615125230936454,51.68542218893423,E355
356,356,1,1.6658394134644698,52.33657578948299,E356
357,357,1,0.49822651338354085,52.87925518995692,E357
358,358,1,1.213245813673223,52.94010788999514,E358
359,359,1,-0.02190828759591625,51.49628708877819,E359
360,360,1,1.3428345135017512,52.57045518967746,E360
361,361,1,-0.020684187551455506,51.57170008884004,E361
362,362,1,1.4173594136117043,52.71611378979994,E362
363,363,1,-0.27172328770669946,51.46422698874789,E363
364,364,1,-0.10777878759513287,51.551455488822135,E364
365,365,1,1.1503214129698558,51.78859798903423,E365
366,366,1,0.9016331129626953,51.906388489125796,E366
367,367,1,1.2608022130932446,51.93399458915259,E367
368,368,1,-0.11064228754131572,51.64634108890058,E368
369,369,1,0.691989812673687,51.54053348882732,E369
370,370,1,0.7299920126856653,51.540181388827854,E370
371,371,1,-0.19156018764980862,51.51070418878735,E371
372,372,1,-0.0993849876239253,51.49659558877717,E372
373,373,1,0.32797751252745105,51.49754378878548,E373
374,374,1,0.368322712531888,51.48213338877385,E374
375,375,1,0.20047501272057397,51.90205098911642,E375
376,376,1,0.12294171257807532,51.70484278895164,E376
377,377,1,0.0910251125953565,51.75439528899241,E377
378,378,1,0.012285112375224854,51.426175988721674,E378
379,379,1,0.04633911250157737,51.62099248888151,E379
380,380,1,0.894088913148809,52.22289088938709,E380
381,381,1,0.005555612451082646,51.55972218883058,E381
382,382,1,0.7524632129891744,52.03297958922859,E382
383,383,1,-0.05034628757384847,51.55181258882326,E383
384,384,1,0.0034516124506787545,51.56033448883104,E384
385,385,1,-0.20105188767323046,51.47634688875894,E385
386,386,1,-0.21967388767030854,51.49341058877272,E386
387,387,1,-0.26986348728434256,52.21107858938096,E387
388,388,1,-0.23698378752803256,51.75302498898861,E388
389,389,1,-0.2773101874318905,51.95111988915653,E389
390,390,1,-0.28163608760182973,51.653576188904836,E390
391,391,1,-0.4993067876353525,51.745636988980756,E391
392,392,1,-0.1249922876208539,51.5180696887944,E392
393,393,1,-0.7753844875874745,52.041992489236414,E393
394,394,1,-0.1943824876562668,51.501358488779616,E394
395,395,1,1.2176808134993498,52.63652828973439,E395
396,396,1,0.09865281247212433,51.53866568881477,E396
397,397,1,0.13101851249094934,51.55116718882548,E397
398,398,1,-0.020206287625260676,51.44514868873649,E398
399,399,1,-0.30595008767031256,51.55007508881834,E399
400,400,1,-0.2690755876674023,51.53071218880278,E400
401,401,1,-0.04906828757850568,51.54301258881601,E401
402,402,1,-0.09594828761642914,51.507311388786015,E402
403,403,1,-0.22661338766883352,51.500461988778405,E403
404,404,1,-0.2908687876344769,51.60260978886222,E404
405,405,1,-0.2539599877280094,51.415847988708464,E405
406,406,1,0.2205139125304614,51.564879388838115,E406
407,407,1,-0.4252154877397506,51.508968588782714,E407
408,408,1,-0.37171788774219233,51.46857928874997,E408
409,409,1,-0.3463759877290384,51.47460408875532,E409
410,410,1,-0.005326587559285541,51.54871238882136,E410
411,411,1,-0.19776188761154237,51.58103188884538,E411
412,412,1,-0.08050368755853134,51.597240988860264,E412
413,413,1,-0.13193888763020994,51.50637038878467,E413
414,414,1,-0.1227734876155805,51.52574488880075,E414
415,415,1,-0.11992128760677949,51.53910028881178,E415
416,416,1,-0.09401818754282029,51.63303078888972,E416
417,417,1,-0.1879151875924629,51.60775158886766,E417
418,418,1,-0.1879883876316765,51.53976858881138,E418
419,419,1,-0.1193959875895147,51.568556988836065,E419
420,420,1,-0.06033138753574975,51.62373218888242,E420
421,421,1,-0.12684098757016132,51.606805988867585,E421
422,422,1,-0.1376297876072625,51.54957468882017,E422
423,423,1,-0.2716590876261342,51.60435908886388,E423
424,424,1,-0.2964419876259007,51.62135798887777,E424
425,425,1,-0.27483938762108884,51.615300088872964,E425
426,426,1,-0.16417208761475577,51.55367268882319,E426
427,427,1,-0.22570148762287595,51.57962808884384,E427
428,428,1,-0.20923468763911696,51.540660588811825,E428
429,429,1,-0.134204787638057,51.49429778877475,E429
430,430,1,-0.30749858769205024,51.51320948878777,E430
431,431,1,-0.21758828765288513,51.522227488796474,E431
432,432,1,-0.23569138764780423,51.542849488813275,E432
433,433,1,-0.23313198766481358,51.511665288787555,E433
434,434,1,-0.20001228767401835,51.4743205887573,E434
435,435,1,-0.3268039876539341,51.592692688853546,E435
436,436,1,-0.2601376876538831,51.54834378881751,E436
437,437,1,-0.2576680876336301,51.58198468884544,E437
438,438,1,-0.40672178776539303,51.4515651887354,E438
439,439,1,0.07450571247527558,51.558691988830766,E439
440,440,1,0.08384211249963296,51.594570388860305,E440
441,441,1,0.023382012485779483,51.608146488870624,E441
442,442,1,0.15341251244840481,51.465765188756464,E442
443,443,1,0.1012137123768826,51.375859888682825,E443
444,444,1,-0.021541687613004692,51.46687028875416,E444
445,445,1,0.09293941243877892,51.48544848877132,E445
446,446,1,-0.08041178763874589,51.45930068874698,E446
447,447,1,-0.03309478765337792,51.405143388703756,E447
448,448,1,-0.17426758763940256,51.51755578879326,E448
449,449,1,-0.06316948765941628,51.41329738870979,E449
450,450,1,-0.0863159876589861,51.42834348872161,E450
451,451,1,-0.038111987641136956,51.429065388723096,E451
452,452,1,-0.12827388765510725,51.461232888747745,E452
453,453,1,-0.070433087556974,51.59352868885734,E453
454,454,1,0.012285112375224854,51.426175988721674,E454
455,455,1,-0.12695898767950659,51.41856008871291,E455
456,456,1,-0.11194438763738117,51.48138888876451,E456
457,457,1,-0.02816928766780215,51.377617888681556,E457
458,458,1,-0.12695898767950659,51.41856008871291,E458
459,459,1,-0.10707178763018844,51.49067588877218,E459
460,460,1,-0.07345168761549559,51.494796088776106,E460
461,461,1,-0.16298498770509057,51.39731928869494,E461
462,462,1,-0.2825380877379479,51.41717208870905,E462
463,463,1,-0.11939858774191468,51.30733038862285,E463
464,464,1,-0.14895728767466745,51.44068728873059,E464
465,465,1,-0.247768987692662,51.47294298875543,E465
466,466,1,-0.314313587750027,51.416980688708385,E466
467,467,1,-0.3024356877736655,51.36835688866874,E467
468,468,1,-0.11424728772055928,51.34052318864978,E468
469,469,1,-0.17701818758148294,51.61971808887773,E469
470,470,1,-0.12849498770081882,51.383044988683984,E470
471,471,1,-0.17129688766873527,51.46505838875018,E471
472,472,1,-0.14573838768485833,51.42116878871471,E472
473,473,1,-0.09953258764825214,51.454950488743094,E473
474,474,1,-0.09553178769516725,51.372270488675866,E474
475,475,1,-0.2547814877387528,51.39783818869372,E475
476,476,1,-0.14340378760751457,51.55284018882279,E476
477,477,1,-0.04037448758638021,51.524067088800635,E477
478,478,1,-0.048795087596871844,51.511335788790035,E478
479,479,1,-0.012722387584044413,51.51091138879029,E479
480,480,1,-0.026075387542918337,51.58974448885479,E480
481,481,1,-0.19279408766078796,51.492523388772376,E481
482,482,1,0.027508812440008,51.527244888804304,E482
483,483,1,-0.16655398765432866,51.486857388768136,E483
484,484,1,-0.3649025876813509,51.57039738883454,E484
485,485,1,-0.3816700877265958,51.50250088877789,E485
486,486,1,-0.17215638763151472,51.52983098880338,E486
487,487,1,-0.26061788768583743,51.49314308877187,E487
488,488,1,0.09638051242759356,51.46442208875429,E488
489,489,1,0.18069591246616906,51.47969398876824,E489
490,490,1,-0.03189748761096614,51.47673248876203,E490
491,491,1,-0.0423111876349638,51.44217458873367,E491
492,492,1,0.03708371241616551,51.48075158876651,E492
493,493,1,0.055688612405207026,51.45087188874255,E493
494,494,1,-0.12659878766316207,51.44635328873561,E494
495,495,1,-0.018202887684349578,51.3435127886542,E495
496,496,1,-0.2124513876861612,51.46135398874646,E496
497,497,1,-0.17115018769204476,51.42486598871726,E497
498,498,1,-0.18899658768497682,51.448371288736205,E498
499,499,1,-0.2089694877142722,51.410672488705,E499
500,500,1,0.06680351247272055,51.55903198883091,E500
501,501,1,-0.329099587738524,51.44665368873253,E501
502,502,1,-0.30199028771806524,51.46433278874751,E502
503,503,1,-0.01330858755561654,51.55995938883048,E503
504,504,1,-0.08631158760991073,51.512447488790386,E504
505,505,1,-0.1193959875895147,51.568556988836065,E505
506,506,1,-1.9620317879714815,52.40115418957696,E506
507,507,1,-1.7326304878140704,52.479200989644475,E507
508,508,1,-0.1706747876665547,51.468417788752944,E508
509,509,1,-1.7840592878840518,52.390822889563694,E509
510,510,1,0.06660781242603792,51.47966098876614,E510
511,511,1,-1.8413927878512262,52.51821138968331,E511
512,512,1,-0.1737118876504281,51.4981624887773,E512
513,513,1,-1.6437885878106413,52.39493028956467,E513
514,514,1,-1.975482687973132,52.412309689587616,E514
515,515,1,-1.8494232878933792,52.44052508961114,E515
516,516,1,-0.06316948765941628,51.41329738870979,E516
517,517,1,-1.9463670879350519,52.45907298963054,E517
518,518,1,-0.06712488758512976,51.54296418881573,E518
519,519,1,-0.22093208766975703,51.49517968877413,E519
520,520,1,-1.8520010878697366,52.49161578965874,E520
521,521,1,-1.8492749878702581,52.48763708965499,E521
522,522,1,-1.9915151879668247,52.44273588961633,E522
523,523,1,-0.22629838762198154,51.58157648884549,E523
524,524,1,-0.07518578757367854,51.56775398883603,E524
525,525,1,-1.53558478772367,52.46044148962284,E525
526,526,1,-0.24289048767695437,51.49697668877531,E526
527,527,1,-0.24289048767695437,51.49697668877531,E527
528,528,1,-1.5786165877719542,52.4068734895744,E528
529,529,1,-1.5112346877175027,52.448542689611386,E529
530,530,1,-1.2724697873736286,52.90132149002595,E530
531,531,1,-1.672400187426406,53.21873759034263,E531
532,532,1,-1.5504955875757989,52.774639289915605,E532
533,533,1,-0.7914197878851427,51.51163138878068,E533
534,534,1,-1.2153625871961535,53.20547439031129,E534
535,535,1,-0.11955368762743177,51.50329728878236,E535
536,536,1,-0.1712800876300933,51.53172388880498,E536
537,537,1,-1.920613287545089,53.253107790386395,E537
538,538,1,-1.4036776873706465,53.04206999016321,E538
539,539,1,-1.4899355872891646,53.30514099041815,E539
540,540,1,-0.174988887590625,51.60251218886345,E540
541,541,1,0.009763312426314827,51.514757488793805,E541
542,542,1,0.025926912382587146,51.43042518872538,E542
543,543,1,-0.2139441876556792,51.5150197887906,E543
544,544,1,-2.162351888031897,52.4977787896719,E544
545,545,1,-2.145256288044012,52.453106089629564,E545
546,546,1,-0.8751213872574235,52.75384078987743,E546
547,547,1,-1.0943757874365796,52.604178889745356,E547
548,548,1,-0.14454318758343157,51.59524048885781,E548
549,549,1,-1.6269691875922399,52.821588089962106,E549
550,550,1,0.00448021245084051,51.55997478883074,E550
551,551,1,-0.04157628756779971,51.5567051888274,E551
552,552,1,-2.2288825881735996,52.27735698946718,E552
553,553,1,-0.12591488764039288,51.48503068876727,E553
554,554,1,-2.2770435881679845,52.34344338952978,E554
555,555,1,-2.2613029881400633,52.38392738956731,E555
556,556,1,-2.308706488295706,52.113613389316875,E556
557,557,1,-0.09990248760609584,51.52757718880261,E557
558,558,1,-1.8956783879849792,52.302906789484645,E558
559,559,1,-2.1536616881382074,52.26705888945621,E559
560,560,1,-2.575719488536403,51.91571038913823,E560
561,561,1,-0.048795087596871844,51.511335788790035,E561
562,562,1,-0.19156018764980862,51.51070418878735,E562
563,563,1,-0.10193658761252801,51.51779548879453,E563
564,564,1,-0.1755458876306483,51.53351288880639,E564
565,565,1,-0.1514422876278679,51.52283638879794,E565
566,566,1,-0.005308787562008091,51.544035388817534,E566
567,567,1,-0.1374245876288556,51.51219158878938,E567
568,568,1,-1.0863016874119646,52.64497078978263,E568
569,569,1,-1.1520960874478823,52.635942789775896,E569
570,570,1,-1.1451959874676505,52.590552289734,E570
571,571,1,-0.0810408876207953,51.49045378877244,E571
572,572,1,-1.5106941875895235,52.7054975898497,E572
573,573,1,-1.3696154876016422,52.54008468969264,E573
574,574,1,-0.10041038760171467,51.53543938880905,E574
575,575,1,-0.16009808764510214,51.498642788777886,E575
576,576,1,-1.1978376875604142,52.457859989613645,E576
577,577,1,-0.008453086555780136,53.37022239041771,E577
578,578,1,-0.05085668761303018,51.48494138876842,E578
579,579,1,-0.5285111869205797,53.10263629018908,E579
580,580,1,-0.00509898756711987,51.535155988810246,E580
581,581,1,-0.7846999868843093,53.41187989048937,E581
582,582,1,0.2583645135370153,53.33652549037636,E582
583,583,1,-0.5450367868347803,53.28633619036095,E583
584,584,1,-0.15491358762741178,51.525847588800374,E584
585,585,1,-0.1261329876135241,51.531426988805386,E585
586,586,1,-0.01810398762198392,51.449445288740044,E586
587,587,1,-1.5424819876683347,52.578514589732244,E587
588,588,1,-1.081466787626114,52.22577528940194,E588
589,589,1,-0.18320578764629056,51.511405288788055,E589
590,590,1,-0.5367370872923151,52.40000518955024,E590
591,591,1,-0.7117744873235546,52.48440868962865,E591
592,592,1,-0.8919682875231848,52.25815058942857,E592
593,593,1,-0.5818642873726758,52.28630918944992,E593
594,594,1,-1.8914269879182286,52.4344587896064,E594
595,595,1,-1.160354787648945,52.25196668942648,E595
596,596,1,-0.8417712874838752,52.29013028945646,E596
597,597,1,-0.7121299873204924,52.490516589634154,E597
598,598,1,-1.1379643877506258,52.03804378923522,E598
599,599,1,-0.28230378774466336,51.405410188699435,E599
600,600,1,-0.7680442870323856,53.09870949019378,E600
601,601,1,0.01560051244845728,51.54901798882192,E601
602,602,1,-1.9213698879013597,52.50133748966944,E602
603,603,1,-0.2484386876248401,51.591197088853185,E603
604,604,1,-1.9699890879274202,52.500553889669874,E604
605,605,1,-0.09651608764379854,51.46069618874786,E605
606,606,1,-2.4229408881567367,52.53790888971645,E606
607,607,1,-0.15481278765775497,51.47347668875733,E607
608,608,1,-2.8058509883763127,52.537854989726725,E608
609,609,1,-0.1712800876300933,51.53172388880498,E609
610,610,1,-2.6637699881289336,52.90132199007352,E610
611,611,1,-0.3452479878194644,51.31705198862608,E611
612,612,1,-2.2007081879894903,52.631265689799,E612
613,613,1,-1.8303201877642643,52.68548618983984,E613
614,614,1,-1.5803177878202668,52.31227108948764,E614
615,615,1,-0.005326587559285541,51.54871238882136,E615
616,616,1,-1.530806187811611,52.28088488945814,E616
617,617,1,-1.5396924878222642,52.268480389446985,E617
618,618,1,-1.3855749877554124,52.25235158942999,E618
619,619,1,0.5822788124931582,51.30238718863629,E619
620,620,1,-2.7801833878415887,53.72776719090025,E620
621,621,1,-0.2202279876691324,51.495804988774665,E621
622,622,1,-0.12574298762249447,51.515722988792476,E622
623,623,1,0.07494001245916193,51.53096098880808,E623
624,624,1,-2.248147087827969,53.03582969018877,E624
625,625,1,-1.9307971878216572,52.67686928983455,E625
626,626,1,-2.2068000878292047,52.9823270901354,E626
627,627,1,-0.0490149875868205,51.528706988804295,E627
628,628,1,-0.09953258764825214,51.454950488743094,E628
629,629,1,-2.2378671878316347,53.015128390168314,E629
630,630,1,-2.175392187749869,53.116681990264404,E630
631,631,1,-0.08488108761318093,51.50593118878508,E631
632,632,1,-2.1727356877785486,53.0508447902004,E632
633,633,1,-1.276728287999354,51.68838638892891,E633
634,634,1,-2.4548870881123617,52.6722310898454,E634
635,635,1,-2.0378987879322112,52.56578588973275,E635
636,636,1,-0.0973199876076791,51.52322338879905,E636
637,637,1,-0.15009888762792226,51.52188768879718,E637
638,638,1,-0.10571708755488131,51.61966828887851,E638
639,639,1,-0.1315143876291466,51.50793038878597,E639
640,640,1,-1.46805558765833,52.52388888967993,E640
641,641,1,-1.4714456876826731,52.47864668963826,E641
642,642,1,0.1252975125018842,51.57321108884339,E642
643,643,1,-1.2038992874057006,52.76919548990055,E643
644,644,1,-0.29768858768442713,51.519983388793534,E644
645,645,1,-0.23733698770297088,51.448358388735386,E645
646,646,1,-0.1277582876280974,51.50735088878556,E646
647,647,1,-0.17168408761684056,51.55491388882411,E647
648,648,1,-1.864141587891962,52.4590736896287,E648
649,649,1,-0.0474764875056888,51.66748468891882,E649
650,650,1,-1.9086418879086144,52.47264918964238,E650
651,651,1,-0.014242487582731259,51.51409788879288,E651
652,652,1,-0.14587758762898773,51.517351188793484,E652
653,653,1,-1.882874887855709,52.553667289717474,E653
654,654,1,-0.08651688760775107,51.51628628879353,E654
655,655,1,-1.5052100877315786,52.41453818957999,E655
656,656,1,-1.4749195877213261,52.40517268957078,E656
657,657,1,-1.4463864874553252,52.91268059004228,E657
658,658,1,-0.13485948767782568,51.426392688719154,E658
659,659,1,-0.10897418767627577,51.412864588708594,E659
660,660,1,-0.032164087586236886,51.51920538879677,E660
661,661,1,-1.9114419875077666,53.32322399045426,E661
662,662,1,-0.2237524877052148,51.43573828872526,E662
663,663,1,-1.2010813874802055,52.61852738976102,E663
664,664,1,-0.0670641876726225,51.39317628869339,E664
665,665,1,-0.340220987718819,51.48831398876674,E665
666,666,1,0.010701912429638163,51.519859588797985,E666
667,667,1,0.09767601338487802,53.17244499023198,E667
668,668,1,-0.18651808765550953,51.497608788776645,E668
669,669,1,-0.9264819875579561,52.221621989396404,E669
670,670,1,-0.8518665875093222,52.25057788942133,E670
671,671,1,-0.8108965874244356,52.37658558953338,E671
672,672,1,-0.01201558755343484,51.562897088832926,E672
673,673,1,-1.103017887255951,52.97091789008572,E673
674,674,1,-1.0997083872776348,52.92417429004187,E674
675,675,1,-0.11641608762080284,51.51271678879013,E675
676,676,1,-0.10811478761780445,51.51262298879016,E676
677,677,1,-0.14803038762866497,51.51928188879505,E677
678,678,1,-1.998027187934811,52.51607538968509,E678
679,679,1,-0.08443668761577541,51.501195988781184,E679
680,680,1,-0.17115018769204476,51.42486598871726,E680
681,681,1,-0.1193959875895147,51.568556988836065,E681
682,682,1,-0.24289048767695437,51.49697668877531,E682
683,683,1,-1.938866287788978,52.75423628990801,E683
684,684,1,-0.08237918762130286,51.490425488772395,E684
685,685,1,-1.9981310878887788,52.611917089775154,E685
686,686,1,-0.032164087586236886,51.51920538879677,E686
687,687,1,-2.081814887939827,52.59932928976553,E687
688,688,1,-2.143631087975409,52.59504808976313,E688
689,689,1,-0.2107371876803249,51.47032668875386,E689
690,690,1,-0.19282368766115424,51.49191278877186,E690
691,691,1,-1.3089294870813095,53.54557739064203,E691
692,692,1,-0.18864008763214501,51.53937808881105,E692
693,693,1,-1.1068536870860837,53.320568090416444,E693
694,694,1,-0.9546870870084806,53.3260421904152,E694
695,695,1,-0.09814548761044596,51.51898348879556,E695
696,696,1,-0.21545268764973496,51.526297188799866,E696
697,697,1,0.02048371239177296,51.449333088740644,E697
698,698,1,-2.0188236872863925,53.955250391085116,E698
699,699,1,-1.7212717871869556,53.797701990910745,E699
700,700,1,-1.7812703872048892,53.832455090948585,E700
701,701,1,-0.17125618765613615,51.48674378876797,E701
702,702,1,-0.10494298762305511,51.50159098878118,E702
703,703,1,-1.7516865872251381,53.75031059086556,E703
704,704,1,-0.1847371876647591,51.48049918876263,E704
705,705,1,-1.7666579871954937,53.83517399095045,E705
706,706,1,-0.21972318763769372,51.549964788819366,E706
707,707,1,-1.8351375873004439,53.686296690806856,E707
708,708,1,-0.21972318763769372,51.549964788819366,E708
709,709,1,-2.09216618743436,53.71387419084817,E709
710,710,1,-1.8310817872728096,53.7428902908626,E710
711,711,1,-2.6588721877873605,53.67835559084364,E711
712,712,1,-0.24817778764307433,51.5592716888267,E712
713,713,1,-0.050463287596134034,51.51363678879191,E713
714,714,1,-1.3349077865193861,54.83545679192448,E714
715,715,1,-0.12352148765036637,51.46637958875204,E715
716,716,1,-0.17208148757364483,51.630115888886415,E716
717,717,1,-1.3350979865522543,54.75804499184612,E717
718,718,1,-1.566269386674231,54.77889529188573,E718
719,719,1,-0.08092148766812303,51.40939158870629,E719
720,720,1,-0.31519798769685675,51.50994508878498,E720
721,721,1,-1.603423286656473,54.87329839198498,E721
722,722,1,-1.5256416866694114,54.7349204918378,E722
723,723,1,-0.1277582876280974,51.50735088878556,E723
724,724,1,-1.3350979865522543,54.75804499184612,E724
725,725,1,-1.842935786798943,54.8688940920002,E725
726,726,1,-0.16799098764714718,51.50015998877904,E726
727,727,1,-0.08091338759241132,51.53912938881236,E727
728,728,1,-0.03767218752272737,51.6318240888894,E728
729,729,1,-1.258006887079614,53.49349029058921,E729
730,730,1,-0.9542494868699942,53.61140659068805,E730
731,731,1,-0.12571298764346578,51.479617688762836,E731
732,732,1,-0.25330578765151635,51.54796068881726,E732
733,733,1,0.052665412452187595,51.532633988809096,E733
734,734,1,-0.04216498756233948,51.566454188835415,E734
735,735,1,-0.20141658628261105,54.084789591101725,E735
736,736,1,-0.42319438642067814,54.01219809104516,E736
737,737,1,-0.10829738762626911,51.49818348877835,E737
738,738,1,-1.7000519872612372,53.60762499072226,E738
739,739,1,-1.784087187320585,53.5788536906983,E739
740,740,1,-0.321657186482573,53.78803229082465,E740
741,741,1,-0.2817715876379387,51.59048048885222,E741
742,742,1,-0.26871028646283757,53.779159590813435,E742
743,743,1,-0.26836298646603146,53.77238099080696,E743
744,744,1,-0.19095648766639584,51.481662988763475,E744
745,745,1,-1.5472874870838957,53.81416899091719,E745
746,746,1,-0.24289048767695437,51.49697668877531,E746
747,747,1,0.16919901252995076,51.5945304888615,E747
748,748,1,-0.1879883876316765,51.53976858881138,E748
749,749,1,-1.370126387007987,53.77204129086588,E749
750,750,1,-0.005326587559285541,51.54871238882136,E750
751,751,1,-1.5517042870710396,53.847868390950694,E751
752,752,1,-0.09634288758881496,51.55508128882528,E752
753,753,1,-0.12507658763081306,51.50097718878034,E753
754,754,1,-1.5671432871137976,53.772093290876796,E754
755,755,1,-0.05526788759793049,51.51355688879178,E755
756,756,1,-0.174988887590625,51.60251218886345,E756
757,757,1,-1.683831587135917,53.86521709097547,E757
758,758,1,-1.5350923871064333,53.750076590853396,E758
759,759,1,-1.5924418871334307,53.75920649086555,E759
760,760,1,-1.5476553870848462,53.81251319091559,E760
761,761,1,-0.05201608756710101,51.56445798883361,E761
762,762,1,-1.5764209866331655,54.89192489200176,E762
763,763,1,-1.636638186638813,54.963382592079824,E763
764,764,1,-0.10411098762448527,51.49860798877875,E764
765,765,1,-0.1193959875895147,51.568556988836065,E765
766,766,1,-0.24083288772910671,51.40550638870024,E766
767,767,1,-0.05556598761043478,51.492311388774375,E767
768,768,1,-1.6157095866311775,54.952207792066645,E768
769,769,1,-0.12329608759543455,51.56082968882962,E769
770,770,1,-3.5867936880542683,54.544806991798474,E770
771,771,1,-3.171326487662304,54.83043899206813,E771
772,772,1,-2.743012887443372,54.65668609185243,E772
773,773,1,-0.0806455874448853,51.79460298902461,E773
774,774,1,0.4059406129929266,52.24600748940734,E774
775,775,1,-1.2513873876305752,52.37061678953518,E775
776,776,1,-3.492655287926975,54.71297799196924,E776
777,777,1,-0.21122828765385757,51.51641508879178,E777
778,778,1,0.025514412429614095,51.51072618879076,E778
779,779,1,-0.2059366865150323,53.617897690657635,E779
780,780,1,-0.12354148758385235,51.58099698884629,E780
781,781,1,-1.641157287184748,53.70481099081465,E781
782,782,1,-0.15736938763502487,51.5142813887908,E782
783,783,1,-0.09386138758016067,51.568423888836335,E783
784,784,1,-0.12591488764039288,51.48503068876727,E784
785,785,1,-0.4390775865877275,53.684165490731836,E785
786,786,1,-0.8222026868465605,53.525896690599645,E786
787,787,1,-0.13267678762481772,51.51612678879269,E787
788,788,1,-0.032456987586206874,51.51943848879696,E788
789,789,1,-0.3328119877335764,51.45770598874157,E789
790,790,1,-0.2919779862644682,54.209820691227925,E790
791,791,1,-0.1752430875791576,51.622598788880126,E791
792,792,1,-0.1514422876278679,51.52283638879794,E792
793,793,1,-0.14196898760735305,51.55219698882229,E793
794,794,1,-0.0764308876081498,51.509265788787935,E794
795,795,1,-1.3811599869423636,53.92832179102013,E795
796,796,1,-0.1338801876286579,51.510274488787864,E796
797,797,1,-0.13398308763028244,51.50754298878562,E797
798,798,1,-1.5487307869383693,54.1410370912415,E798
799,799,1,-0.1682872875618273,51.64819348890149,E799
800,800,1,-1.5703418865108416,55.18368799229993,E800
801,801,1,-0.0913950876027171,51.528015088803095,E801
802,802,1,-1.5746952865139527,55.18229039229891,E802
803,803,1,-0.10156288765264883,51.448685588737945,E803
804,804,1,-2.0060072865497314,55.772552892952575,E804
805,805,1,-0.14788758763001456,51.51686318879308,E805
806,806,1,-1.749590486669675,55.05146969217987,E806
807,807,1,-1.580519286457489,55.33261069245404,E807
808,808,1,-1.7015399865017664,55.40341099253848,E808
809,809,1,-1.2231423871267735,53.35731599045662,E809
810,810,1,-0.1171705876379196,51.483758388766354,E810
811,811,1,-1.3522189871551091,53.43675799053886,E811
812,812,1,-1.3382852871381834,53.457274190558024,E812
813,813,1,-0.21596678768990166,51.45715738874297,E813
814,814,1,-0.1498655876271784,51.52302118879812,E814
815,815,1,-1.5476553870848462,53.81251319091559,E815
816,816,1,-1.4126551872111806,53.384632690491316,E816
817,817,1,-0.3108692877272224,51.454273688739086,E817
818,818,1,-0.1117432875578618,51.618382588877346,E818
819,819,1,-0.16328498764742708,51.496667988776245,E819
820,820,1,-1.4836110872549577,53.370555590480926,E820
821,821,1,-1.5347330873020388,53.327762990441904,E821
822,822,1,-1.4262826872371264,53.34482069045355,E822
823,823,1,-1.4875679872150003,53.460097990567796,E823
824,824,1,-0.11938908767086256,51.42862868872126,E824
825,825,1,-0.11641608762080284,51.51271678879013,E825
826,826,1,-0.11635148765047537,51.461680588748315,E826
827,827,1,-0.13611258762085054,51.525153788800075,E827
828,828,1,-0.24307578767702376,51.496977288775305,E828
829,829,1,-0.0898346876023788,51.52761138880279,E829
830,830,1,-0.26108188765814905,51.54154208881187,E830
831,831,1,-0.13302428765138308,51.470628688755326,E831
832,832,1,-0.08050368755853134,51.597240988860264,E832
833,833,1,-0.11915958760642821,51.53922158881188,E833
834,834,1,-0.2588769876420082,51.56818588883397,E834
835,835,1,-1.4002371865263432,54.90652299200199,E835
836,836,1,-1.2138118865159702,54.68636659176425,E836
837,837,1,-0.13890128764071297,51.49270608877336,E837
838,838,1,-1.2165313865670975,54.57175729164929,E838
839,839,1,-0.07507548761649156,51.49410408877551,E839
840,840,1,-0.1620563876933822,51.41682358871087,E840
841,841,1,-1.069408086475027,54.601021391667516,E841
842,842,1,-0.12591488764039288,51.48503068876727,E842
843,843,1,-1.3103465866391375,54.52393959160829,E843
844,844,1,-1.1834759865520188,54.56521779164025,E844
845,845,1,-1.5542019867754866,54.52289259162528,E845
846,846,1,-1.3103465866391375,54.52393959160829,E846
847,847,1,-0.1620563876933822,51.41682358871087,E847
848,848,1,-0.13224548762131383,51.521890988797445,E848
849,849,1,-1.1834759865520188,54.56521779164025,E849
850,850,1,-0.08206568757964477,51.561831388831045,E850
851,851,1,-0.4111141877700635,51.44636508873104,E851
852,852,1,-1.081791186742985,54.01935819109171,E852
853,853,1,-0.1854971876448473,51.51537478879129,E853
854,854,1,-0.14022988764071403,51.493547188774016,E854
855,855,1,-1.2581316868966246,53.885476790970785,E855
856,856,1,-1.0710314868481214,53.78132669085852,E856
857,857,1,-1.1912654867537658,54.12114789119879,E857
858,858,1,-0.25330578765151635,51.54796068881726,E858
859,859,1,-0.19615608771500684,51.40126138869757,E859
860,860,1,0.04359671250395035,51.62676358888622,E860
861,861,1,-1.4935358871298534,53.650249490753296,E861
862,862,1,-0.07224528761300764,51.498308788779035,E862
863,863,1,0.07382451258591977,51.74891078898768,E863
864,864,1,-2.471351787665927,53.69580169085091,E864
865,865,1,-0.06712488758512976,51.54296418881573,E865
866,866,1,-2.163416087588079,53.45967409059988,E866
867,867,1,-2.4098585876752074,53.589011590740704,E867
868,868,1,-0.11533968761578198,51.52068048879671,E868
869,869,1,-0.21298848765642803,51.51310438878901,E869
870,870,1,-2.429631887683927,53.59605579074877,E870
871,871,1,-2.384245487662841,53.582471690732845,E871
872,872,1,-0.10041038760171467,51.53543938880905,E872
873,873,1,-2.2836129876248044,53.53399299067943,E873
874,874,1,-2.309283187625892,53.565778990712346,E874
875,875,1,-0.1762413876433412,51.51202188878868,E875
876,876,1,0.020075412364990393,51.40409128870392,E876
877,877,1,-2.7261649879931955,53.293829990462235,E877
878,878,1,-2.122631987655437,53.25849559040042,E878
879,879,1,-0.16328498764742708,51.496667988776245,E879
880,880,1,-2.903102588108547,53.27708699045359,E880
881,881,1,-0.1262479876090931,51.53914318881173,E881
882,882,1,-0.28169038765597487,51.558953488825985,E882
883,883,1,-2.531034387921922,53.19033109035123,E883
884,884,1,-2.633231987783092,53.65140699081512,E884
885,885,1,-2.6795590877644124,53.76296799093021,E885
886,886,1,-2.663599787768283,53.73038679089639,E886
887,887,1,-0.05952018760402808,51.505755388785325,E887
888,888,1,-0.15828038767278935,51.44981078873788,E888
889,889,1,-0.04075238755985244,51.56984288883821,E889
890,890,1,-2.1641957874140254,53.8565573909948,E890
891,891,1,-2.280566987550064,53.70080179084545,E891
892,892,1,-2.3929200875426546,53.8738332910256,E892
893,893,1,-0.13320838761806866,51.528099088802534,E893
894,894,1,-2.782925987773276,53.896403691071676,E894
895,895,1,0.42314351260486427,51.573190688848314,E895
896,896,1,-2.976818087883595,53.92778289111536,E896
897,897,1,-3.0111351879281227,53.872355291060686,E897
898,898,1,-2.6872584877661705,53.77011349093789,E898
899,899,1,-2.709137987790901,53.743442990912115,E899
900,900,1,-0.17703418758145084,51.61978208887778,E900
901,901,1,-2.7314214879761245,53.340642190509016,E901
902,902,1,-0.1277582876280974,51.50735088878556,E902
903,903,1,-0.13305038771997946,51.353141188659606,E903
904,904,1,-0.06170908760533794,51.50487458878456,E904
905,905,1,-0.17716688768788386,51.43583438872614,E905
906,906,1,-2.891011988014219,53.48120999065738,E906
907,907,1,0.06783191248328878,51.576448888845206,E907
908,908,1,-0.11938908767086256,51.42862868872126,E908
909,909,1,-2.9674001880849676,53.4265037906062,E909
910,910,1,-0.4101939877513638,51.47842998875757,E910
911,911,1,-0.1277582876280974,51.50735088878556,E911
912,912,1,-0.03827988758897034,51.51832788879593,E912
913,913,1,-0.2062869876523229,51.51586928879141,E913
914,914,1,-0.14829598762966198,51.51773418879378,E914
915,915,1,-2.9776573880892645,53.43153879061177,E915
916,916,1,-0.23516448766584597,51.51119838878713,E916
917,917,1,-2.27173608768883,53.3738336905204,E917
918,918,1,-0.03393658755132181,51.58022818884688,E918
919,919,1,-0.2546363876260189,51.59324498885484,E919
920,920,1,-2.2244367876187616,53.46978769061285,E920
921,921,1,-0.22211398767060758,51.49447298877354,E921
922,922,1,-0.12939868759237877,51.57001398883714,E922
923,923,1,-0.20389878762376928,51.56381088883103,E923
924,924,1,-3.224693987972819,54.10963869131818,E924
925,925,1,-2.7918797877300037,54.01560209119389,E925
926,926,1,-2.7480335875778823,54.323246691507116,E926
927,927,1,-3.09767368785389,54.19890349140233,E927
928,928,1,-0.11024298762433359,51.50273898878204,E928
929,929,1,-2.8671647877595534,54.06067759124484,E929
930,930,1,-2.602139487535048,54.200670091371144,E930
931,931,1,-2.095848987514237,53.53833839067423,E931
932,932,1,-0.10524658763815192,51.47585408876009,E932
933,933,1,-2.1215156875164793,53.56638989070328,E933
934,934,1,-2.0457558874948387,53.51780689065143,E934
935,935,1,-0.11223358761617104,51.518039888794576,E935
936,936,1,-0.11162028757456217,51.589415388853396,E936
937,937,1,-2.4211535877077663,53.52959989068207,E937
938,938,1,-0.11297838764822307,51.46342678874982,E938
939,939,1,-2.4223055877463993,53.44280469059581,E939
940,940,1,-2.944636988036695,53.507357390686394,E940
941,941,1,-2.994627388088777,53.458006690639216,E941
942,942,1,-0.0069893875352359525,51.59099788885609,E942
943,943,1,-2.7261144879269152,53.44746759061534,E943
944,944,1,-2.1570677876010818,53.42244209056285,E944
945,945,1,-2.1906073876500294,53.356126390499156,E945
946,946,1,-0.29768858768442713,51.519983388793534,E946
947,947,1,-2.12176338760087,53.37802889051749,E947
948,948,1,-0.08362498759563096,51.5352999888092,E948
949,949,1,-0.22832278771280948,51.425573788716875,E949
950,950,1,-0.22832278771280948,51.425573788716875,E950
951,951,1,-0.11662878762489824,51.50580618878445,E951
952,952,1,-1.952401687474113,53.446948890577154,E952
953,953,1,-2.3524020877297493,53.38735279053753,E953
954,954,1,-0.19585358765329017,51.507452788784626,E954
955,955,1,-2.425709487759645,53.41721059057058,E955
956,956,1,-0.017181787591658157,51.50064828878181,E956
957,957,1,-2.3071309876755492,53.4500959905974,E957
958,958,1,-0.16323438764582102,51.49940548877847,E958
959,959,1,-2.588419387861893,53.404920890566196,E959
960,960,1,-2.5956389878705837,53.394901190556574,E960
961,961,1,-2.885143487973176,53.56998839074648,E961
962,962,1,-2.7586562879081065,53.538294390708,E962
963,963,1,-2.841227087931906,53.603011890777466,E963
964,964,1,-0.032164087586236886,51.51920538879677,E964
965,965,1,-0.03767218752272737,51.6318240888894,E965
966,966,1,-0.20281038765285794,51.51269468878883,E966
967,967,1,-2.5834769878266943,53.479272990640055,E967
968,968,1,-3.04743868814707,53.39828669058175,E968
969,969,1,-0.2137674876565667,51.51337098878922,E969
970,970,1,-0.13596698763990378,51.492234588773016,E970
971,971,1,-0.09526588760524926,51.526103888801465,E971
972,972,1,-3.1121401881857094,53.403628090590246,E972
973,973,1,-0.08579948760698418,51.517152588794254,E973
974,974,1,-2.8115550880931206,53.182948990356,E974
975,975,1,-3.0643883882027425,53.29143889047534,E975
976,976,1,-2.4238333879031453,53.09200649025037,E976
977,977,1,-2.2107396877487897,53.16293719031087,E977
978,978,1,-2.5199999879696477,53.06861109023136,E978
979,979,1,-0.034468587568227925,51.55152038882323,E979
980,980,1,-2.237961987692324,53.32244059046823,E980
981,981,1,-0.2789509876740361,51.52568348879851,E981
982,982,1,-2.378510787782855,53.302023490454516,E982
983,983,1,-0.13972738762797382,51.51517598879181,E983
984,984,1,-2.6379010877602638,53.71197829087637,E984
985,985,1,-0.19001388771938432,51.38984998868837,E985
986,986,1,-0.13093328758485914,51.583998688848695,E986
987,987,1,-0.0958989876805287,51.397475688696346,E987
988,988,1,-0.09634288758881496,51.55508128882528,E988
989,989,1,-2.768861487669095,54.12948499130911,E989
990,990,1,0.007012012374437701,51.428037388723105,E990
991,991,1,-3.0388374880565467,53.602343090787286,E991
992,992,1,-2.1069597875863666,53.39153639053008,E992
993,993,1,-2.230586887668203,53.36681879051154,E993
994,994,1,-2.114038987576279,53.42292399056126,E994
995,995,1,-1.042232988018762,51.46124788873563,E995
996,996,1,-0.8619921879200628,51.501635288771546,E996
997,997,1,0.019884412408457685,51.478099188764034,E997
998,998,1,-0.904775487964769,51.45334488873043,E998
999,999,1,-1.0859587880240287,51.486055988756235,E999
1000,1000,1,-0.26224728763925154,51.575217788839744,E1000
1001,1001,1,-0.13611258762085054,51.525153788800075,E1001
1002,1002,1,-0.050440887595799934,51.51419718879238,E1002
1003,1003,1,-1.3065174881693395,51.39716858867867,E1003
1004,1004,1,-0.9707791879764026,51.4827337887545,E1004
1005,1005,1,-0.2924042876566284,51.56493368883084,E1005
1006,1006,1,-0.08955708761208865,51.51074398878894,E1006
1007,1007,1,-0.11260448802395252,50.82984388824611,E1007
1008,1008,1,-0.5616324877377985,51.60760268886368,E1008
1009,1009,1,-0.8827474876864284,51.94491558915195,E1009
1010,1010,1,-0.836725187786475,51.72457268896132,E1010
1011,1011,1,-0.6337455878356646,51.48514648876021,E1011
1012,1012,1,-0.7501443878033816,51.627983288879385,E1012
1013,1013,1,-0.15102498763137887,51.51651198879277,E1013
1014,1014,1,-0.984472587701192,52.00083298920142,E1014
1015,1015,1,-0.6620040878189001,51.53527938880191,E1015
1016,1016,1,0.7060266127030829,51.581470988860296,E1016
1017,1017,1,-0.2756153880174502,50.936048188323134,E1017
1018,1018,1,-0.6075004878098177,51.512318188783254,E1018
1019,1019,1,-0.8225569873955058,52.4414649895919,E1019
1020,1020,1,-0.14509278763000633,51.51509268879166,E1020
1021,1021,1,-0.10069098764244862,51.46562428875178,E1021
1022,1022,1,-0.7843361880457532,51.220476488538615,E1022
1023,1023,1,-0.22035758768889824,51.46171498874663,E1023
1024,1024,1,-0.09614908764863551,51.452180488740886,E1024
1025,1025,1,-0.10955928758614669,51.56808998883581,E1025
1026,1026,1,-0.14641188757812174,51.60565028886641,E1026
1027,1027,1,-0.1023855876255566,51.49568378877636,E1027
1028,1028,1,0.4207265121863416,50.88787828831102,E1028
1029,1029,1,0.5700093122319122,50.886934388316426,E1029
1030,1030,1,0.16168121220586673,51.05627958843121,E1030
1031,1031,1,0.4296860122631808,51.007404688402566,E1031
1032,1032,1,-0.11467978802378635,50.831298288247154,E1032
1033,1033,1,-1.2753550884454061,50.87084038824231,E1033
1034,1034,1,-0.4723147877451424,51.53182288880111,E1034
1035,1035,1,-0.19632938762894916,51.54990128881962,E1035
1036,1036,1,0.025064312405118097,51.469256888756924,E1036
1037,1037,1,-1.1262601883967878,50.846399388226594,E1037
1038,1038,1,-1.0345071883334707,50.89175548826557,E1038
1039,1039,1,-1.3106798885607682,50.69167158809727,E1039
1040,1040,1,-0.21975078767482256,51.48565198876629,E1040
1041,1041,1,-1.1410415884804204,50.70957068811678,E1041
1042,1042,1,-0.1851180876316339,51.53798618880996,E1042
1043,1043,1,-0.1851180876316339,51.53798618880996,E1043
1044,1044,1,1.4189231127864321,51.366608288711994,E1044
1045,1045,1,-0.14062858763604516,51.50184168878084,E1045
1046,1046,1,0.7659486126336009,51.436440588746535,E1046
1047,1047,1,1.316101512736178,51.334643788684104,E1047
1048,1048,1,0.31197751248883876,51.4420463887405,E1048
1049,1049,1,0.6809935124885591,51.24427478859387,E1049
1050,1050,1,0.5955376125254253,51.34817728867263,E1050
1051,1051,1,-0.12821778762644778,51.51048538878815,E1051
1052,1052,1,0.35795691245919137,51.366941088681465,E1052
1053,1053,1,0.34091711249490053,51.43583678873612,E1053
1054,1054,1,-0.30277908777373586,51.368456888668845,E1054
1055,1055,1,0.05495761249610729,51.606287588869506,E1055
1056,1056,1,0.49458391242280914,51.23337548857974,E1056
1057,1057,1,-0.24289048767695437,51.49697668877531,E1057
1058,1058,1,-0.1706371875942817,51.59333198885588,E1058
1059,1059,1,0.5096951124529447,51.27470158861252,E1059
1060,1060,1,-0.16613898766205626,51.473274188756974,E1060
1061,1061,1,-0.23516448766584597,51.51119838878713,E1061
1062,1062,1,0.8892289125963939,51.31450508865474,E1062
1063,1063,1,-0.17432508759385176,51.59647678885846,E1063
1064,1064,1,0.17125331241335748,51.396282788700724,E1064
1065,1065,1,1.3114715126035665,51.129163488528945,E1065
1066,1066,1,0.23087281245811175,51.43693368873469,E1066
1067,1067,1,0.5445117125004842,51.33417278866025,E1067
1068,1068,1,0.05962881248115788,51.57783558884621,E1068
1069,1069,1,-0.00509898756711987,51.535155988810246,E1069
1070,1070,1,0.27544151233720326,51.21048188855546,E1070
1071,1071,1,0.6337260124279072,51.17007318853485,E1071
1072,1072,1,0.9335221123837272,50.955733688383454,E1072
1073,1073,1,-0.19615608771500684,51.40126138869757,E1073
1074,1074,1,0.5068388125340231,51.409402588718784,E1074
1075,1075,1,-0.8474660880045582,51.33923738863569,E1075
1076,1076,1,-0.4415877877615418,51.48191028876002,E1076
1077,1077,1,-1.0567513881229404,51.2836848885863,E1077
1078,1078,1,-0.005039787532343443,51.5947463888592,E1078
1079,1079,1,-1.5351032879851192,51.945561089155866,E1079
1080,1080,1,-1.2829562880108951,51.67206178891472,E1080
1081,1081,1,-0.2554514876972858,51.46993218875284,E1081
1082,1082,1,-0.11063418762247106,51.506188688784874,E1082
1083,1083,1,-0.08628488760610396,51.518970888795735,E1083
1084,1084,1,-0.1847371876647591,51.48049918876263,E1084
1085,1085,1,-1.232643487948038,51.74709058897998,E1085
1086,1086,1,-1.1964995879474123,51.71775178895452,E1086
1087,1087,1,-1.1282681879833687,51.59468388884861,E1087
1088,1088,1,-1.4892216880452824,51.787717889015795,E1088
1089,1089,1,0.1851610125244724,51.57568808884635,E1089
1090,1090,1,-1.321325887820271,52.06738498926285,E1090
1091,1091,1,-1.5965513881114306,51.758717488990484,E1091
1092,1092,1,-0.13470898763138398,51.506107988784414,E1092
1093,1093,1,-1.2485836880305115,51.606468288858146,E1093
1094,1094,1,-1.426114388115514,51.59858558885063,E1094
1095,1095,1,-1.2116647879869171,51.65678508890172,E1095
1096,1096,1,-1.259232687944978,51.77553078900478,E1096
1097,1097,1,-1.1424072878176308,51.91528588912694,E1097
1098,1098,1,0.02570111242581244,51.504127788785375,E1098
1099,1099,1,-1.0597612884034393,50.786713088180676,E1099
1100,1100,1,-1.0687392883746225,50.84384358822612,E1100
1101,1101,1,-0.20780648770717822,51.42214158871442,E1101
1102,1102,1,-0.9325657882285323,51.00368248835856,E1102
1103,1103,1,-0.9365457883186632,50.848332688233505,E1103
1104,1104,1,-0.9763786883681762,50.78964078818555,E1104
1105,1105,1,-0.10041038760171467,51.53543938880905,E1105
1106,1106,1,-1.3652874884601003,50.91356378827486,E1106
1107,1107,1,-0.2582206877186653,51.43473948872388,E1107
1108,1108,1,-0.16135458761953134,51.54359998881489,E1108
1109,1109,1,-0.3124972876870051,51.52531818879774,E1109
1110,1110,1,-0.21396148765468745,51.51674998879201,E1110
1111,1111,1,-0.3383644876985936,51.52235508879493,E1111
1112,1112,1,-0.5045675878387966,51.38949248868268,E1112
1113,1113,1,-0.22859928775200192,51.35829608866194,E1113
1114,1114,1,-0.2538043877915311,51.30643698861928,E1114
1115,1115,1,-0.16148138764371978,51.50190868878056,E1115
1116,1116,1,-0.24464348765954091,51.52832978880115,E1116
1117,1117,1,-0.2538043877915311,51.30643698861928,E1117
1118,1118,1,-0.566220787949311,51.23832778855751,E1118
1119,1119,1,-0.3383644876985936,51.52235508879493,E1119
1120,1120,1,-0.4880999879757448,51.14049998847987,E1120
1121,1121,1,-0.2217100876618924,51.50929878878576,E1121
1122,1122,1,-0.2520492877643755,51.35196318865632,E1122
1123,1123,1,-0.33497038777547483,51.38641468868296,E1123
1124,1124,1,-0.7037041879509681,51.33067208863085,E1124
1125,1125,1,-0.1943824876562668,51.501358488779616,E1125
1126,1126,1,-1.509841488511729,50.93451038828868,E1126
1127,1127,1,-1.5898625886629885,50.72353638811471,E1127
1128,1128,1,-0.0762117876131499,51.50054678878078,E1128
1129,1129,1,-1.3141159883913416,50.99785298834498,E1129
1130,1130,1,-1.3393461883755136,51.046293088384374,E1130
1131,1131,1,-1.3170809884525074,50.88995028825678,E1131
1132,1132,1,-0.07130208767362864,51.39406768869402,E1132
1133,1133,1,-1.793090988643019,50.928468988277714,E1133
1134,1134,1,-0.19669598762057414,51.56466198883184,E1134
1135,1135,1,-1.2628322883344603,51.060713588397796,E1135
1136,1136,1,-0.1943824876562668,51.501358488779616,E1136
1137,1137,1,-0.15350828787195037,51.1077848884623,E1137
1138,1138,1,-0.48649168815813565,50.827548888231156,E1138
1139,1139,1,-0.36330048798566555,51.04365118840552,E1139
1140,1140,1,-0.24267158769011987,51.47403408875642,E1140
1141,1141,1,-0.5088282880880709,50.96098438833569,E1141
1142,1142,1,-0.04699938763962693,51.43710558872949,E1142
1143,1143,1,-0.1978450878761625,51.12746238847674,E1143
1144,1144,1,-0.07853408756274959,51.58871278885326,E1144
1145,1145,1,-0.32338108810126936,50.823842988233885,E1145
1146,1146,1,-0.515109988177776,50.81211378821811,E1146
1147,1147,1,-0.024729587584133968,51.518191588796064,E1147
1148,1148,1,-0.7181050882312526,50.851447488242506,E1148
1149,1149,1,-0.042735687535591274,51.61285018887363,E1149
1150,1150,1,-0.12591488764039288,51.48503068876727,E1150
1151,1151,1,-0.831621687957792,51.41116118869593,E1151
1152,1152,1,-0.060225687535654326,51.62383058888252,E1152
1153,1153,1,-0.1279609880099931,50.861768888270234,E1153
1154,1154,1,-0.21403488805682575,50.833593988245326,E1154
1155,1155,1,-0.08710428759797702,51.53346138880764,E1155
1156,1156,1,-0.6138955877045222,51.704913888945576,E1156
1157,1157,1,-0.29982498775969113,51.390806488687176,E1157
1158,1158,1,-0.20399758766768558,51.487819688768326,E1158
1159,1159,1,-0.1166033876213385,51.51191398878948,E1159
1160,1160,1,0.5444482125004172,51.334100788660145,E1160
1161,1161,1,0.17704701234541997,51.279197988607216,E1161
1162,1162,1,-0.031191187578297724,51.53220588880745,E1162
1163,1163,1,-0.7871722880068617,51.291322188596936,E1163
1164,1164,1,-0.04869518753420714,51.619007088878654,E1164
1165,1165,1,-1.244613687969123,51.717741688954455,E1165
1166,1166,1,-0.1847371876647591,51.48049918876263,E1166
1167,1167,1,-0.15384228778701334,51.251781388577314,E1167
1168,1168,1,-0.3241672878593863,51.23476638855974,E1168
1169,1169,1,-0.10695228763066272,51.48978628877144,E1169
1170,1170,1,-0.04723268776346416,51.227177188560155,E1170
1171,1171,1,-0.1816789876412827,51.519076288794395,E1171
1172,1172,1,-0.4131499881296561,50.83041128823587,E1172
1173,1173,1,-0.2582064880675624,50.84158088824994,E1173
1174,1174,1,-0.677179988255061,50.78370468819039,E1174
1175,1175,1,-0.15629438786657612,51.11852768847074,E1175
1176,1176,1,-2.3455490886872474,51.36093198863982,E1176
1177,1177,1,-1.996076288516001,51.352365788634415,E1177
1178,1178,1,-0.056475287626006,51.466227788753045,E1178
1179,1179,1,-0.28962148769931173,51.48877068876786,E1179
1180,1180,1,-1.5939150882741955,51.44624068871822,E1180
1181,1181,1,-0.09711958768766189,51.38605388868704,E1181
1182,1182,1,-0.1780769876849961,51.44138198873066,E1182
1183,1183,1,-2.3171290886498546,51.406087388679545,E1183
1184,1184,1,-0.11175698761818903,51.51426678879148,E1184
1185,1185,1,-2.5452045887661403,51.411400388683546,E1185
1186,1186,1,-0.029155487579921136,51.52815388880415,E1186
1187,1187,1,-0.08134148791275791,50.99679038837694,E1187
1188,1188,1,-0.09148068761273007,51.510855088789,E1188
1189,1189,1,-0.2137674876565667,51.51337098878922,E1189
1190,1190,1,-0.24111768762921484,51.57874238884293,E1190
1191,1191,1,-0.2329965876757976,51.49254788877182,E1191
1192,1192,1,-1.7628760884102777,51.33923318862492,E1192
1193,1193,1,-0.09835058761350787,51.513845288791345,E1193
1194,1194,1,-0.16135458761953134,51.54359998881489,E1194
1195,1195,1,-0.2817715876379387,51.59048048885222,E1195
1196,1196,1,-0.1214207876350547,51.49136698877253,E1196
1197,1197,1,-0.1388807876317102,51.50819978878608,E1197
1198,1198,1,-0.11021738761338336,51.5215641887975,E1198
1199,1199,1,-2.562746888746254,51.47041078873587,E1199
1200,1200,1,-2.619980188781034,51.46184688872821,E1200
1201,1201,1,-2.576680788744017,51.49001478875329,E1201
1202,1202,1,-0.3124972876870051,51.52531818879774,E1202
1203,1203,1,-2.590459488778866,51.43423638870372,E1203
1204,1204,1,-2.754861988867662,51.43353098870292,E1204
1205,1205,1,-0.12567718758642135,51.577924288843725,E1205
1206,1206,1,-0.017181787591658157,51.50064828878181,E1206
1207,1207,1,-2.677414488798651,51.48893498875235,E1207
1208,1208,1,-0.22123228767022504,51.49456438877362,E1208
1209,1209,1,-2.5268607887224177,51.48006568874449,E1209
1210,1210,1,-2.5966109887852267,51.42799048869816,E1210
1211,1211,1,-0.1943824876562668,51.501358488779616,E1211
1212,1212,1,-0.1851180876316339,51.53798618880996,E1212
1213,1213,1,-3.494395289641607,50.67900238803665,E1213
1214,1214,1,-0.12177998760336983,51.54616498881756,E1214
1215,1215,1,-3.9976179899054625,50.73882478808151,E1215
1216,1216,1,-0.06186118757528424,51.556579688826986,E1216
1217,1217,1,-3.392723489495672,50.86414438819776,E1217
1218,1218,1,-3.6446430896738944,50.7910092881312,E1218
1219,1219,1,-0.118885887629594,51.49915388877897,E1219
1220,1220,1,-0.08884758761142542,51.51144058878951,E1220
1221,1221,1,-4.082042890137067,50.34623398774242,E1221
1222,1222,1,-0.1616936876890616,51.424011188716754,E1222
1223,1223,1,-3.538566089769559,50.4646109878537,E1223
1224,1224,1,-0.0307790875756524,51.536484688810965,E1224
1225,1225,1,-0.0764308876081498,51.509265788787935,E1225
1226,1226,1,-4.350127290085288,50.81882518814854,E1226
1227,1227,1,-0.07787308759432808,51.53391608880812,E1227
1228,1228,1,-3.474817889678025,50.580569687953,E1228
1229,1229,1,-0.5166832870656151,52.811890989921224,E1229
1230,1230,1,-4.058882989789798,51.07552488837964,E1230
1231,1231,1,-0.06520338759555873,51.52384398880005,E1231
1232,1232,1,-1.9129629887999724,50.73966318811935,E1232
1233,1233,1,-0.07725428759409778,51.53392118880814,E1233
1234,1234,1,-1.7839638887426867,50.73635148811991,E1234
1235,1235,1,-0.2015302876677845,51.48605928876692,E1235
1236,1236,1,-2.4507963891197564,50.62123138800883,E1236
1237,1237,1,-2.7688858892226365,50.734076388096085,E1237
1238,1238,1,-0.005230087559309623,51.548608088821275,E1238
1239,1239,1,-0.29768858768442713,51.519983388793534,E1239
1240,1240,1,-0.20093888765139598,51.514013388789934,E1240
1241,1241,1,-0.19091078764624816,51.516442288792085,E1241
1242,1242,1,-0.138222287606783,51.550780488821154,E1242
1243,1243,1,-0.049022587587377785,51.5277559888035,E1243
1244,1244,1,-0.1277582876280974,51.50735088878556,E1244
1245,1245,1,-2.117461388924098,50.686634188070826,E1245
1246,1246,1,-0.0898346876023788,51.52761138880279,E1246
1247,1247,1,-0.1712800876300933,51.53172388880498,E1247
1248,1248,1,-0.5215595876953283,51.654597888903595,E1248
1249,1249,1,-0.11250648761931609,51.51280208879026,E1249
1250,1250,1,-2.0687613882778924,51.89257418911233,E1250
1251,1251,1,-0.11769008755207722,51.63223398888878,E1251
1252,1252,1,-2.1714916883357374,51.883355589104816,E1252
1253,1253,1,-2.219432688429086,51.7457447889811,E1253
1254,1254,1,-2.2200592884286294,51.74731518898252,E1254
1255,1255,1,-2.4972623885377216,51.82446798905413,E1255
1256,1256,1,-0.17150928763021023,51.531668188804936,E1256
1257,1257,1,-0.2937314876725698,51.53801668880851,E1257
1258,1258,1,-5.056092490786368,50.260143787650584,E1258
1259,1259,1,-0.1902718876863504,51.446819988734916,E1259
1260,1260,1,-5.086045690851155,50.15653228756109,E1260
1261,1261,1,-0.10322048761968618,51.50629808878508,E1261
1262,1262,1,-0.07514948762799953,51.47442378875941,E1262
1263,1263,1,-4.410306690263542,50.50377508787148,E1263
1264,1264,1,-5.269997891000398,50.09970978750903,E1264
1265,1265,1,-0.0933498875798057,51.56870918883656,E1265
1266,1266,1,-5.41284429106305,50.18716348758167,E1266
1267,1267,1,-5.269997891000398,50.09970978750903,E1267
1268,1268,1,0.05054331248551062,51.59086858885677,E1268
1269,1269,1,-0.14584698762852819,51.51812298879416,E1269
1270,1270,1,-5.206660990879044,50.28219198766719,E1270
1271,1271,1,-1.080904988397092,50.81300698820106,E1271
1272,1272,1,0.4595977125792419,51.510090788798166,E1272
1273,1273,1,-1.2918441881579594,51.40611718868642,E1273
1274,1274,1,-0.32339598772160466,51.472298988753764,E1274
1275,1275,1,-2.31169608873242,51.23773458853274,E1275
1276,1276,1,-3.4627293893772477,51.19883148849208,E1276
1277,1277,1,-2.5228190888628754,51.19417418849322,E1277
1278,1278,1,-3.0156928891810115,51.08244588839176,E1278
1279,1279,1,0.07209261239122425,51.4173417887157,E1279
1280,1280,1,-2.4180391888776556,51.05877008837744,E1280
1281,1281,1,-0.2808464876415932,51.58348118884642,E1281
1282,1282,1,-0.17150928763021023,51.531668188804936,E1282
1283,1283,1,-0.03199908761081627,51.47705178876229,E1283
1284,1284,1,-0.10715598759667186,51.54840588881965,E1284
1285,1285,1,-0.5734549879536491,51.23566538855519,E1285
1286,1286,1,-0.2693717876126055,51.62648148888233,E1286
1287,1287,1,-0.14263078762604245,51.52035658879603,E1287
1288,1288,1,-0.15777318764725645,51.49344438877365,E1288
1289,1289,1,0.012565612459383745,51.56959918883875,E1289
1290,1290,1,0.03641681241658153,51.48186428876738,E1290
1291,1291,1,-0.32625598756592294,51.74719538898311,E1291
1292,1292,1,-1.8683547878752191,52.49788508966495,E1292
1293,1293,1,-0.13512868766305683,51.451902988739995,E1293
1294,1294,1,0.034176712411541556,51.47464968876151,E1294
1295,1295,1,-1.9423379880194436,52.282104389466284,E1295
1296,1296,1,-0.13849568761646677,51.534238288807494,E1296
1297,1297,1,-0.2699220876958756,51.48181448876238,E1297
1298,1298,1,-2.5882778887661115,51.45773408872459,E1298
1299,1299,1,-0.17932378764369927,51.51338328878976,E1299
1300,1300,1,-0.11109848759366256,51.556104688825904,E1300
1301,1301,1,-2.2264014878351004,52.99348329014692,E1301
1302,1302,1,-1.6798392867906942,54.6568106917705,E1302
1303,1303,1,-0.27096128768190914,51.50673718878296,E1303
1304,1304,1,-0.03258878755088604,51.580133588846806,E1304
1305,1305,1,-0.02461468758410727,51.518167288796015,E1305
1306,1306,1,0.05561491245266576,51.53164838880833,E1306
1307,1307,1,0.025486412453345937,51.55128038882394,E1307
1308,1308,1,-0.163267887563206,51.642511188896805,E1308
1309,1309,1,-4.236310989915572,51.04054958834756,E1309
1310,1310,1,-0.3730285877424183,51.46906148875035,E1310
1311,1311,1,-0.1398857876412673,51.492376488773075,E1311
1312,1312,1,-0.18308568765589994,51.49472928877435,E1312
1313,1313,1,-0.8303112880405681,51.26263158857253,E1313
1314,1314,1,-0.48208098775181546,51.52682398879685,E1314
1315,1315,1,-0.12735178763566404,51.494071288774656,E1315
1316,1316,1,-0.809897387725446,51.815235689039355,E1316
1317,1317,1,-0.46957718762795536,51.73756938897411,E1317
1318,1318,1,-0.19666668762783202,51.55205558882141,E1318
1319,1319,1,-0.1277582876280974,51.50735088878556,E1319
1320,1320,1,-1.5454136870902981,53.79781679090095,E1320
1321,1321,1,-1.585883287141711,53.733138890839534,E1321
1322,1322,1,-0.12386788762558613,51.50920688878714,E1322
1323,1323,1,-0.45108218761023156,51.75599678898985,E1323
1324,1324,1,-2.2544869876487654,53.44142389058628,E1324
1325,1325,1,-0.1224761876158948,51.52501418880016,E1325
1326,1326,1,-0.49284128747393396,52.031766189226275,E1326
1327,1327,1,-0.11138498755755805,51.61867928887761,E1327
1328,1328,1,-0.12894268754656954,51.64907048890264,E1328
1329,1329,1,-0.07808898756457894,51.58527298885041,E1329
1330,1330,1,-0.09607708754477604,51.63096728888797,E1330
1331,1331,1,-0.18749458770041855,51.420838388713726,E1331
1332,1332,1,-0.41045738772832563,51.518956288791166,E1332
1333,1333,1,-2.884083587881644,53.78824339096749,E1333
1334,1334,1,0.06855261243296863,51.4902653887748,E1334
1335,1335,1,-0.012817987631566923,51.42988898872423,E1335
1336,1336,1,-0.2464737873459631,52.08307758926985,E1336
1337,1337,1,-0.16623818761477444,51.55497208882423,E1337
1338,1338,1,-2.132651987862314,52.822126589978765,E1338
1339,1339,1,-2.1398783877610823,53.04876989019715,E1339
1340,1340,1,-2.1916189877968524,53.03411299018494,E1340
1341,1341,1,-0.09023098758509855,51.55760988882743,E1341
1342,1342,1,-2.200639687777909,53.08653009023612,E1342
1343,1343,1,-0.12847238767033312,51.43523158872648,E1343
1344,1344,1,0.4138096122813659,51.04509258843097,E1344
1345,1345,1,-0.3131119876866262,51.52638898879861,E1345
1346,1346,1,0.0002219124772640853,51.60796428887017,E1346
1347,1347,1,-2.3186437877061272,53.39619949054466,E1347
1348,1348,1,-0.3553285877345398,51.47097918875221,E1348
1349,1349,1,0.10441971240756602,51.425746988723134,E1349
1350,1350,1,-0.267534087594177,51.65750738890825,E1350
1351,1351,1,-0.1277582876280974,51.50735088878556,E1351
1352,1352,1,-2.630921187825686,53.5483218907115,E1352
1353,1353,1,-2.050989687941883,52.5602750897279,E1353
1354,1354,1,-2.0169535878771456,52.65736848981855,E1354
1355,1355,1,-1.9609605879284913,52.48847008965834,E1355
1356,1356,1,-2.6483669890586774,50.93489598826841,E1356
1357,1357,1,-0.13933308762970018,51.511949988789155,E1357
1358,1358,1,-0.1073234876307195,51.48992348877158,E1358
1359,1359,1,-0.2606750876861868,51.4925730887714,E1359
1360,1360,1,-2.602547388782335,51.44026928870904,E1360
1361,1361,1,-2.494852888727105,51.43649458870587,E1361
1362,1362,1,0.40796201299300716,52.24487998940635,E1362
1363,1363,1,-0.2072775876578651,51.506917488784026,E1363
1364,1364,1,1.4026981126895572,51.22243198860246,E1364
1365,1365,1,-0.08963618761553059,51.504884488784114,E1365
1366,1366,1,-0.2543528876100133,51.62099418887792,E1366
1367,1367,1,-2.5143902879092392,53.19681229035689,E1367
1368,1368,1,0.10441971240756602,51.425746988723134,E1368
1369,1369,1,0.2716814124725697,51.43775088873619,E1369
1370,1370,1,-1.488149487480017,52.90566739003703,E1370
1371,1371,1,-0.013647987605741149,51.474415388760455,E1371
1372,1372,1,-1.4123439873956987,52.999565490123246,E1372
1373,1373,1,-0.20892028770873372,51.420176588712785,E1373
1374,1374,1,-0.0351819875721414,51.54525338881807,E1374
1375,1375,1,-0.046895687576916756,51.54438128881717,E1375
1376,1376,1,-0.30196268768852585,51.515677588789906,E1376
1377,1377,1,-2.054081488272105,51.889033589109005,E1377
1378,1378,1,0.08304051248009382,51.56170788883334,E1378
1379,1379,1,-0.3270434877050329,51.503571288779526,E1379
1380,1380,1,-0.3647221876533528,51.61944438887547,E1380
1381,1381,1,-0.2634769876238156,51.60296078886281,E1381
1382,1382,1,-1.7814295872888066,53.64571399076395,E1382
1383,1383,1,-1.794676987316241,53.60134199072096,E1383
1384,1384,1,0.03234831248846369,51.607179088869955,E1384
1385,1385,1,-2.4297139877615863,53.41817579057172,E1385
1386,1386,1,-0.1277582876280974,51.50735088878556,E1386
1387,1387,1,-0.08143738760445715,51.51875158879562,E1387
1388,1388,1,-1.5897559870980094,53.834194990939345,E1388
1389,1389,1,-0.9869249877024467,52.000524389201146,E1389
1390,1390,1,-0.0959910875998072,51.535927288809525,E1390
1391,1391,1,-0.07594928760864449,51.50811238878698,E1391
1392,1392,1,-0.23303388766773428,51.50653988878333,E1392
1393,1393,1,-0.14624478763543272,51.50647218878456,E1393
1394,1394,1,-1.0800331883965855,50.8132716882013,E1394
1395,1395,1,-3.010112988020357,53.64570799082973,E1395
1396,1396,1,-1.0880227881460924,51.26587098857097,E1396
1397,1397,1,0.04980331240722453,51.45784428874811,E1397
1398,1398,1,-0.08084668762057935,51.49070498877265,E1398
1399,1399,1,-1.3605764884225215,50.97780498832753,E1399
1400,1400,1,-0.1029332876432225,51.465702888751814,E1400
1401,1401,1,-2.501889188127476,52.697532589871074,E1401
1402,1402,1,0.19441871235256797,51.281248188609304,E1402
1403,1403,1,0.9409850124043337,50.98469918840542,E1403
1404,1404,1,0.6092203122353079,50.87333418830787,E1404
1405,1405,1,-0.07118208753383812,51.633948088890754,E1405
1406,1406,1,-0.18444148767790092,51.457652188743886,E1406
1407,1407,1,-0.20945238765033566,51.521362188795884,E1407
1408,1408,1,-0.1493493876308393,51.516375488792654,E1408
1409,1409,1,-1.308647987012789,53.69168799078404,E1409
1410,1410,1,-2.004552987889592,52.617403089780474,E1410
1411,1411,1,-0.08027098759546389,51.533473988807735,E1411
1412,1412,1,-2.4528646888684382,51.11175208842255,E1412
1413,1413,1,-0.1426438876313244,51.51125888878854,E1413
1414,1414,1,-2.458868087665066,53.6803136908347,E1414
1415,1415,1,-0.1966707876539209,51.50689088878414,E1415
1416,1416,1,0.05561491245266576,51.53164838880833,E1416
1417,1417,1,-0.18308568765589994,51.49472928877435,E1417
1418,1418,1,0.028481612405224833,51.46735868875545,E1418
1419,1419,1,-0.1565792876350051,51.51380968879044,E1419
1420,1420,1,-2.8921405881386497,53.19139079036786,E1420
1421,1421,1,0.7176032130041576,52.07817288926593,E1421
1422,1422,1,-0.14537568774443724,51.31904838863176,E1422
1423,1423,1,-0.11123788769157548,51.38811618868843,E1423
1424,1424,1,-1.4944066874642319,52.94472369007417,E1424
1425,1425,1,-0.10544428650142555,53.557338890596064,E1425
1426,1426,1,-0.047559187511219354,51.65797748891095,E1426
1427,1427,1,-0.005899187601795227,51.47638898876221,E1427
1428,1428,1,-0.3994579876893714,51.57985398884203,E1428
1429,1429,1,-0.14205188762702234,51.51829878879437,E1429
1430,1430,1,-0.37092798768013535,51.576620188839655,E1430
1431,1431,1,-0.425372387681521,51.61152128886823,E1431
1432,1432,1,-0.6083787876977697,51.7129940889525,E1432
1433,1433,1,-0.3031865877702348,51.37476798867398,E1433
1434,1434,1,-2.878149388061282,53.35161059052687,E1434
1435,1435,1,-0.1090583875862705,51.56755838883539,E1435
1436,1436,1,-0.22102148771464689,51.41772728871058,E1436
1437,1437,1,-2.8678766877579047,54.0658797912502,E1437
1438,1438,1,-1.062585687423864,52.599696289740486,E1438
1439,1439,1,-0.14726788764169835,51.496325488776186,E1439
1440,1440,1,-1.0513416873601773,52.714225389845524,E1440
1441,1441,1,0.5184570124526003,51.26952738860872,E1441
1442,1442,1,0.5070980125339648,51.4091651887186,E1442
1443,1443,1,0.5264379125246769,51.383489488698714,E1443
1444,1444,1,-0.7665049876064227,51.99989398919955,E1444
1445,1445,1,-0.19472588759933623,51.600259388861346,E1445
1446,1446,1,-1.318595187303044,53.092415690207865,E1446
1447,1447,1,-0.3138374871145993,52.5555925896854,E1447
1448,1448,1,-1.214532088445314,50.82533998820718,E1448
1449,1449,1,-1.076240088410124,50.78672928818022,E1449
1450,1450,1,-0.9837200883267748,50.86729348824732,E1450
1451,1451,1,-2.7326554877833305,53.79639729096708,E1451
1452,1452,1,-3.0040997880159153,53.64721559083093,E1452
1453,1453,1,-0.2741499877398704,51.40840958870203,E1453
1454,1454,1,0.15359261249914272,51.551552788826164,E1454
1455,1455,1,-0.1277582876280974,51.50735088878556,E1455
1456,1456,1,-0.15027778765987776,51.46694438875205,E1456
1457,1457,1,-0.16096418740625523,51.91614218912688,E1457
1458,1458,1,-1.7615446883002681,51.54811618880567,E1458
1459,1459,1,-1.4043918884825861,50.90351618826571,E1459
1460,1460,1,-1.619865488387987,51.25503278855455,E1460
1461,1461,1,-0.16207338761832016,51.546155988817006,E1461
1462,1462,1,-0.12624338768031268,51.416731888711425,E1462
1463,1463,1,-0.162823287689353,51.42422418871689,E1463
1464,1464,1,-0.12577038763096718,51.501148488780515,E1464
1465,1465,1,-0.38957768774608986,51.47375258875398,E1465
1466,1466,1,-0.38110798773740473,51.48322898876196,E1466
1467,1467,1,-0.3728202877335245,51.48444488876308,E1467
1468,1468,1,-0.44417448774464574,51.51332848878607,E1468
1469,1469,1,-0.3167487876976974,51.5095096887846,E1469
1470,1470,1,-2.5950519878754172,53.38297499054468,E1470
1471,1471,1,-0.3902569876291804,51.67963928892574,E1471
1472,1472,1,-1.9701917878439348,52.67431788983328,E1472
1473,1473,1,-0.3388091876874194,51.54217208881138,E1473
1474,1474,1,-0.3049231877013499,51.495316688773016,E1474
1475,1475,1,-0.2287339876427433,51.54708588881687,E1475
1476,1476,1,-0.08326788762092395,51.491629088773365,E1476
1477,1477,1,-0.3553669877017422,51.52825438879962,E1477
1478,1478,1,-0.1277582876280974,51.50735088878556,E1478
1479,1479,1,-0.0524659876547677,51.41464128871111,E1479
1480,1480,1,-0.08176898648831597,53.56288499060018,E1480
1481,1481,1,-0.32845658650553017,53.747768990786675,E1481
1482,1482,1,-0.37343478650667733,53.78736289082675,E1482
1483,1483,1,-0.13612558765548732,51.46553448875113,E1483
1484,1484,1,-0.11195838762880633,51.496132988776594,E1484
1485,1485,1,-0.14761508767532108,51.438719388729005,E1485
1486,1486,1,-0.39384518750321723,51.90637218911815,E1486
1487,1487,1,-0.07674488760157486,51.52075348879734,E1487
1488,1488,1,-0.1243941876086028,51.53880558881148,E1488
1489,1489,1,-0.09476598761275151,51.512886088790616,E1489
1490,1490,1,0.1391705128753151,52.211974489379315,E1490
1491,1491,1,-0.32211988712276257,52.54685028967775,E1491
1492,1492,1,-0.13611808762932537,51.51055128878806,E1492
1493,1493,1,-0.08122808757421641,51.570650888838315,E1493
1494,1494,1,-0.11769008755207722,51.63223398888878,E1494
1495,1495,1,-0.280441787630039,51.60339638886299,E1495
1496,1496,1,-0.154874187674453,51.44479608873385,E1496
1497,1497,1,-0.4692853876200117,51.75152858898594,E1497
1498,1498,1,-0.19374668748047896,51.807462689034736,E1498
1499,1499,1,-0.4030746876456621,51.659397888908586,E1499
1500,1500,1,-0.1277582876280974,51.50735088878556,E1500
1501,1501,1,0.512814312795159,51.84204708906897,E1501
1502,1502,1,0.6972349126721185,51.535182988823195,E1502
1503,1503,1,0.6061196126744444,51.58779838886344,E1503
1504,1504,1,0.45472221261373635,51.57027778884651,E1504
1505,1505,1,-0.12931628761877492,51.524402988799544,E1505
1506,1506,1,-0.08297808761359597,51.50402228878354,E1506
1507,1507,1,1.3905738136635497,52.82005548988881,E1507
1508,1508,1,-0.29768858768442713,51.519983388793534,E1508
1509,1509,1,0.720296313091836,52.225982589389666,E1509
1510,1510,1,-0.08800968761645254,51.50228028878203,E1510
1511,1511,1,-0.1277582876280974,51.50735088878556,E1511
1512,1512,1,1.273859713047127,51.85223088908719,E1512
1513,1513,1,-0.26188788765805093,51.542246188812406,E1513
1514,1514,1,-0.2586715870815159,52.57442848970124,E1514
1515,1515,1,-0.011756687590366651,51.499508688780985,E1515
1516,1516,1,-0.12574298762249447,51.515722988792476,E1516
1517,1517,1,0.0531078124160006,51.47075748875865,E1517
1518,1518,1,-0.20609088768597186,51.45759398874347,E1518
1519,1519,1,-0.0930950876061378,51.5232049887991,E1519
1520,1520,1,1.1887518131298827,52.03124858923051,E1520
1521,1521,1,0.02984601242983927,51.508460088788986,E1521
1522,1522,1,-0.005308787562008091,51.544035388817534,E1522
1523,1523,1,-0.13093328758485914,51.583998688848695,E1523
1524,1524,1,-0.08052268752771881,51.650513388904365,E1524
1525,1525,1,-0.2819203876571024,51.557138288824504,E1525
1526,1526,1,-0.3134970876953218,51.51148948878629,E1526
1527,1527,1,-0.017013887619469297,51.453062488743,E1527
1528,1528,1,0.05000861241912816,51.477948988764446,E1528
1529,1529,1,-0.118885887629594,51.49915388877897,E1529
1530,1530,1,-0.29217068774637267,51.40886338870207,E1530
1531,1531,1,-0.0854866876763012,51.39825308869716,E1531
1532,1532,1,-0.3441971877421079,51.4504065887354,E1532
1533,1533,1,-0.12874548761436047,51.531649788805524,E1533
1534,1534,1,-1.8861931878792237,52.50884488967561,E1534
1535,1535,1,-0.17889738762574633,51.54415818881512,E1535
1536,1536,1,-0.10918068761256554,51.52231188879813,E1536
1537,1537,1,-0.5450367868347803,53.28633619036095,E1537
1538,1538,1,-0.10685908761132314,51.522981888798725,E1538
1539,1539,1,-0.1347367876283307,51.51138298878877,E1539
1540,1540,1,-1.9410568887648811,50.82939708819251,E1540
1541,1541,1,-0.2649273877244946,51.429007688719075,E1541
1542,1542,1,-2.0515389879491406,52.54575128971426,E1542
1543,1543,1,-0.09854248761608962,51.50952908878778,E1543
1544,1544,1,-1.5266332877795998,52.340190789512235,E1544
1545,1545,1,-0.09378638760813422,51.52020768879664,E1545
1546,1546,1,-1.4463864874553252,52.91268059004228,E1546
1547,1547,1,-0.005308787562008091,51.544035388817534,E1547
1548,1548,1,-0.06975898678765348,52.977163990059374,E1548
1549,1549,1,-0.13768548803708983,50.822351688239415,E1549
1550,1550,1,-0.24934598762817317,51.58598998884885,E1550
1551,1551,1,-2.44366518810591,52.672416589845234,E1551
1552,1552,1,-0.1277582876280974,51.50735088878556,E1552
1553,1553,1,-2.0752617879741933,52.52008518969072,E1553
1554,1554,1,-0.1277582876280974,51.50735088878556,E1554
1555,1555,1,0.03478051243135949,51.508035088788716,E1555
1556,1556,1,-1.1174161868031622,53.928916791005186,E1556
1557,1557,1,-0.34025068651291823,53.74372159078345,E1557
1558,1558,1,-0.19585358765329017,51.507452788784626,E1558
1559,1559,1,-1.4189067872071706,53.40001609050646,E1559
1560,1560,1,-0.2321122876658092,51.50927668878558,E1560
1561,1561,1,-0.15215618763114885,51.517632588793646,E1561
1562,1562,1,-1.7682516872776273,53.654282190771696,E1562
1563,1563,1,-1.4905259871170053,53.674644990777,E1563
1564,1564,1,-2.2324469877091353,53.277980190424316,E1564
1565,1565,1,-2.8985559881441256,53.18781639036462,E1565
1566,1566,1,0.01844431243385917,51.522307688800105,E1566
1567,1567,1,-2.203115687599133,53.48621759062804,E1567
1568,1568,1,-3.0506689879762114,53.816559691005985,E1568
1569,1569,1,-0.31666898770996604,51.4880959887669,E1569
1570,1570,1,-0.09369578762480933,51.49150108877309,E1570
1571,1571,1,-0.12677288762675915,51.50903198878694,E1571
1572,1572,1,-2.2444616874902095,53.78969949093244,E1572
1573,1573,1,-0.1277582876280974,51.50735088878556,E1573
1574,1574,1,-1.2078610879531988,51.716488788953406,E1574
1575,1575,1,-0.8096551877259942,51.81404068903835,E1575
1576,1576,1,-0.9826325880147408,51.42239318870348,E1576
1577,1577,1,-0.6075004878098177,51.512318188783254,E1577
1578,1578,1,-1.1188015881605216,51.26351948856853,E1578
1579,1579,1,-0.05886868759672665,51.51787078879525,E1579
1580,1580,1,0.3769673125114085,51.44315118874276,E1580
1581,1581,1,-0.13926358762189692,51.525358188800205,E1581
1582,1582,1,-0.1061724876045883,51.534141488807876,E1582
1583,1583,1,-0.07733218759198004,51.53761348881116,E1583
1584,1584,1,0.36815881250640703,51.43974388873985,E1584
1585,1585,1,0.07213951247540978,51.5603607888321,E1585
1586,1586,1,-0.2538043877915311,51.30643698861928,E1586
1587,1587,1,-0.19710458788239507,51.11646408846799,E1587
1588,1588,1,-0.07895618760499196,51.51627198879364,E1588
1589,1589,1,-0.21917778765699877,51.51613048879144,E1589
1590,1590,1,-0.1464943880408854,50.82109438823811,E1590
1591,1591,1,-2.4072091886901177,51.41866968869032,E1591
1592,1592,1,-1.8002997885705463,51.07008258839585,E1592
1593,1593,1,-2.6203019887918977,51.44011738870891,E1593
1594,1594,1,-0.17693278764090573,51.51667438879249,E1594
1595,1595,1,-4.865817990549466,50.515948987875895,E1595
1596,1596,1,-0.20583548769988705,51.433441288723685,E1596
1597,1597,1,-0.17383028764080205,51.514860588791045,E1597
1598,1598,1,-1.8791701887966727,50.71691408810163,E1598
1599,1599,1,-3.084181989263312,50.990497188310954,E1599
